ligand	receptor	direction	score	bg_mean	z	p_emp	p	ligand_sender	receptor_receiver	best_partner_idx	fdr	fdr_emp	ligand_programs	receptor_programs	shared_programs
Saa1	Scarb1	center->neighbors	0.16992494312744222	0.003918843860673656	9.506204345963605	0.0009995002498750624	1e-12	0.20231815	0.31000233	598	5.745e-10	0.2871064467766117			
Dkk2	Lrp6	center->neighbors	0.18631373410760782	0.005618783776405633	7.785518756909585	0.001999000499750125	1e-12	0.14413583	0.47762924	598	5.745e-10	0.4593703148425787		WNT_signaling	
Hapln1	Igdcc4	neighbors->center	0.4426410843915903	0.059642935467759714	6.490509048296365	0.0004997501249375312	4.277341383253435e-11	0.447838	0.947981	866	1.6382217497860655e-08	0.2871064467766117			
Cd38	Pecam1	center->neighbors	0.4089936582966081	0.05406124154959112	5.251167452027826	0.0009995002498750624	7.556910013293724e-08	0.46092027	0.53424877	598	2.1707224013186223e-05	0.2871064467766117		angiogenesis	
Hsp90b1	Tlr7	neighbors->center	0.7453800950482318	0.09283169636360697	3.6829571168082356	0.0004997501249375312	0.00011527197700238621	1.7097816	0.32525507	383	0.02648950031514835	0.2871064467766117			
Icam4	Itga2b	center->neighbors	0.11066049130807497	0.008724187562316013	4.974027625528031	0.0034982508745627187	0.0034982508745627187	0.11752458	0.2416887	598	0.5024362818590705	0.5024362818590705			
Mmp9	Itgam	center->neighbors	0.1461767000370521	0.012963773290071564	4.692947930303747	0.0034982508745627187	0.0034982508745627187	0.3311829	0.31926924	2325	0.5024362818590705	0.5024362818590705	ECM_remodeling_fibrosis	complement	
Mmp2	Pecam1	center->neighbors	0.2046023224793103	0.02111511948132632	4.519632466907958	0.0034982508745627187	0.0034982508745627187	0.11534899	0.53424877	598	0.5024362818590705	0.5024362818590705	ECM_remodeling_fibrosis, EMT	angiogenesis	
Mmp9	Reck	center->neighbors	0.11189525835381411	0.007885703368545683	5.346646668548192	0.004997501249375313	0.004997501249375313	0.3311829	0.13110915	866	0.5742128935532234	0.5742128935532234	ECM_remodeling_fibrosis		
Hapln1	Igdcc4	center->neighbors	0.3336700229201994	0.07534536256456272	3.397418404069147	0.004497751124437781	0.004497751124437781	0.45590812	0.40464786	866	0.5742128935532234	0.5742128935532234			
Arf6	Pld1	neighbors->center	0.35023096690978506	0.07753089099242592	3.3578574341840484	0.005497251374312844	0.005497251374312844	0.6346523	0.27777308	2141	0.5742128935532235	0.5742128935532235			
Hp	Itgam	center->neighbors	0.1043463778847314	0.004829691464057639	4.699636778196216	0.009495252373813094	0.009495252373813094	0.16875878	0.31926924	2325	0.6346563560325101	0.6346563560325101		complement	
Ttr	Ngfr	neighbors->center	0.6804818607818802	0.03834929021647735	4.609114429815965	0.009995002498750625	0.009995002498750625	3.4091709	0.13432972	2325	0.6346563560325101	0.6346563560325101			
Lefty1	Acvr2a	neighbors->center	0.2390202397885935	0.028904899328471748	4.340982659709263	0.008995502248875561	0.008995502248875561	0.3123617	0.39144713	640	0.6346563560325101	0.6346563560325101			
S100a8	Cd68	center->neighbors	0.2602307384628142	0.041720491430278915	3.512217062934168	0.010494752623688156	0.010494752623688156	0.8024921	0.29600325	2325	0.6346563560325101	0.6346563560325101	immunosuppression, necrosis_DAMP	phagocytosis_efferocytosis	
Adam17	Erbb4	neighbors->center	0.30375434585808203	0.07737323855219633	3.4278043880878664	0.0069965017491254375	0.0069965017491254375	0.21194053	1.028052	2141	0.6346563560325101	0.6346563560325101			
Mmp9	Lrp1	center->neighbors	0.5729653613332848	0.0993311612955862	2.749027527976106	0.00849575212393803	0.00849575212393803	0.3311829	1.1517508	2325	0.6346563560325101	0.6346563560325101	ECM_remodeling_fibrosis	endocytosis, phagocytosis_efferocytosis	
Il15ra	Axl	center->neighbors	0.2325372837122155	0.04824640632278363	2.6869699165874015	0.009995002498750625	0.009995002498750625	0.11752458	0.6861406	383	0.6346563560325101	0.6346563560325101		phagocytosis_efferocytosis	
Gnai2	Adcy1	center->neighbors	2.0266687110250223	1.4098901872671237	1.7804639967136677	0.008995502248875561	0.008995502248875561	1.6791936	2.4623005	2141	0.6346563560325101	0.6346563560325101			
Lgi4	Adam23	neighbors->center	0.6223809723056342	0.28541504987099625	2.5131651919876763	0.01199400299850075	0.01199400299850075	0.7036814	1.020657	866	0.689055472263868	0.689055472263868			
Edn3	Ednra	neighbors->center	0.06694739435280433	0.005775229406961451	3.9482590972490335	0.013993003498250875	0.013993003498250875	0.14759608	0.16875878	383	0.7259691582780038	0.7259691582780038			
Thbs4	Cd36	neighbors->center	0.0912087181696538	0.005670684870982791	3.9011592040654106	0.01999000499750125	0.01999000499750125	0.22192836	0.11752458	2325	0.7259691582780038	0.7259691582780038		fatty_acid_lipid, phagocytosis_efferocytosis	
Vip	Vipr2	neighbors->center	0.18427368836069793	0.014321890637458458	3.8678049007358775	0.017991004497751123	0.017991004497751123	0.48421636	0.14325312	2325	0.7259691582780038	0.7259691582780038			
Lefty1	Acvr1b	neighbors->center	0.31781989800837457	0.04345590221173778	3.8478890827308705	0.014492753623188406	0.014492753623188406	0.3123617	0.69209534	640	0.7259691582780038	0.7259691582780038			
Rtn4	Ngfr	neighbors->center	0.5477258139615013	0.03834249928782828	3.750452719657984	0.02848575712143928	0.02848575712143928	2.2058268	0.13432972	866	0.7259691582780038	0.7259691582780038			
App	Ngfr	neighbors->center	0.5934305497671685	0.04291267795192301	3.6275504783534296	0.031984007996002	0.031984007996002	2.6244867	0.13432972	640	0.7259691582780038	0.7259691582780038			
Bdnf	Ngfr	neighbors->center	0.08824835069344411	0.004770814871401317	3.4104447787001546	0.01699150424787606	0.01699150424787606	0.24647982	0.13432972	598	0.7259691582780038	0.7259691582780038	axon_guidance_neurodevelopment		
S100a9	Cd36	neighbors->center	0.11351981981935734	0.010155265775642805	3.3397505460007455	0.02148925537231384	0.02148925537231384	0.3050647	0.11752458	2325	0.7259691582780038	0.7259691582780038	immunosuppression, necrosis_DAMP	fatty_acid_lipid, phagocytosis_efferocytosis	
Vegfc	Itga9	neighbors->center	0.06431371375797172	0.008258405642438906	3.0035418122509516	0.020989505247376312	0.020989505247376312	0.15169822	0.14413583	598	0.7259691582780038	0.7259691582780038	angiogenesis		
Thy1	Itgam_Itgb2	neighbors->center	0.5755766923016463	0.07131916001533632	2.861876442968184	0.025487256371814093	0.025487256371814093	2.5068135	0.13432972	2325	0.7259691582780038	0.7259691582780038		complement	
S100a9	Cd68	neighbors->center	0.21219072077574708	0.04379021910798263	2.818699558212905	0.02498750624687656	0.02498750624687656	0.3050647	0.4106181	2325	0.7259691582780038	0.7259691582780038	immunosuppression, necrosis_DAMP	phagocytosis_efferocytosis	
S100a9	Cd68	center->neighbors	0.23048666414009605	0.04459941138255068	2.8109724437918104	0.02448775612193903	0.02448775612193903	0.62952816	0.29600325	2325	0.7259691582780038	0.7259691582780038	immunosuppression, necrosis_DAMP	phagocytosis_efferocytosis	
Igf1	Itga6_Itgb4	neighbors->center	0.11940486783452924	0.016145347995550174	2.804696877358906	0.031484257871064465	0.031484257871064465	0.29205164	0.13432972	2325	0.7259691582780038	0.7259691582780038		ECM_integrin_adhesion	
Efemp1	Egfr	neighbors->center	0.17892269741511863	0.03644109471791759	2.800178553794032	0.020989505247376312	0.020989505247376312	0.293506	0.29675382	2325	0.7259691582780038	0.7259691582780038		RTK_MAPK	
S100a8	Cd36	neighbors->center	0.08533571892514068	0.008725880239395706	2.797889635028281	0.027486256871564217	0.027486256871564217	0.27964905	0.11752458	2141	0.7259691582780038	0.7259691582780038	immunosuppression, necrosis_DAMP	fatty_acid_lipid, phagocytosis_efferocytosis	
Calr	Scarf1	neighbors->center	0.5181511762979453	0.06620996826104283	2.752840844767735	0.02448775612193903	0.02448775612193903	1.9879726	0.13432972	2325	0.7259691582780038	0.7259691582780038	ER_stress_UPR, antigen_presentation_MHCI, necrosis_DAMP		
Lgals1	Ptprc	neighbors->center	0.29933806575168637	0.05078296188559976	2.746062318048323	0.02798600699650175	0.02798600699650175	0.9005572	0.11534899	640	0.7259691582780038	0.7259691582780038			
Bmp4	Lrp6	center->neighbors	0.2452164781598599	0.0435720999957247	2.7213039891333834	0.02348825587206397	0.02348825587206397	0.24967872	0.47762924	598	0.7259691582780038	0.7259691582780038	TGFb_signaling	WNT_signaling	
Ang	Egfr	center->neighbors	0.12057656770668455	0.023098828317976414	2.665079610451104	0.022988505747126436	0.022988505747126436	0.2607777	0.28354016	866	0.7259691582780038	0.7259691582780038		RTK_MAPK	
Lgals1	Itgb1	neighbors->center	0.7603940027158695	0.3181889356145693	2.5678945448744424	0.025987006496751622	0.025987006496751622	0.9005572	0.74433297	640	0.7259691582780038	0.7259691582780038		ECM_integrin_adhesion	
Adam17	Met	neighbors->center	0.12073695200560973	0.021351531384438804	2.517927727331587	0.03548225887056472	0.03548225887056472	0.21194053	0.16242409	2141	0.7259691582780038	0.7259691582780038		RTK_MAPK	
Icam4	Itgam	center->neighbors	0.08707802323013233	0.013604014241380719	2.496965462129377	0.0399800099950025	0.0399800099950025	0.11752458	0.31926924	2325	0.7259691582780038	0.7259691582780038		complement	
Tgfb1	Egfr	center->neighbors	0.12027730168647724	0.026145281269607572	2.485900891184013	0.02798600699650175	0.02798600699650175	0.25948483	0.28354016	866	0.7259691582780038	0.7259691582780038	TGFb_signaling, immunosuppression	RTK_MAPK	
Slit1	Gpc1	center->neighbors	0.739775395923192	0.2740768685730359	2.4604678775396973	0.022488755622188907	0.022488755622188907	0.9215174	0.86372006	2325	0.7259691582780038	0.7259691582780038	axon_guidance_neurodevelopment		
Vcam1	Itga9_Itgb1	neighbors->center	0.19325740375459363	0.030964995020415713	2.456932007523639	0.026986506746626688	0.026986506746626688	0.50495493	0.14413583	2325	0.7259691582780038	0.7259691582780038	leukocyte_chemotaxis	ECM_integrin_adhesion	
Bmp4	Bmpr1a_Bmpr2	center->neighbors	0.2605806807015906	0.05467622996903141	2.440193017246845	0.030984507746126936	0.030984507746126936	0.24967872	0.50305545	598	0.7259691582780038	0.7259691582780038	TGFb_signaling		
Cklf	Lrp6	center->neighbors	0.18631373410760782	0.039730352478628904	2.389490989067708	0.03248375812093953	0.03248375812093953	0.14413583	0.47762924	598	0.7259691582780038	0.7259691582780038		WNT_signaling	
S100a9	Itgb2	neighbors->center	0.12136498034104928	0.020560910473302087	2.3857378750655114	0.04547726136931534	0.04547726136931534	0.3050647	0.13432972	2325	0.7259691582780038	0.7259691582780038	immunosuppression, necrosis_DAMP		
Efemp1	Egfr	center->neighbors	0.15772183244804996	0.03622035064516939	2.3452043243639453	0.031984007996002	0.031984007996002	0.44619867	0.28354016	866	0.7259691582780038	0.7259691582780038		RTK_MAPK	
Gzma	F2r	center->neighbors	0.09538524367106893	0.010708514768842265	2.308611483317723	0.038980509745127435	0.038980509745127435	0.3407494	0.15354414	383	0.7259691582780038	0.7259691582780038	cytotoxic_T_NK	coagulation_wound	
Mfap2	Notch1	center->neighbors	0.2039066073155047	0.0526259132352523	2.3048906724548313	0.031984007996002	0.031984007996002	0.27777308	0.44873148	2325	0.7259691582780038	0.7259691582780038		NOTCH_signaling, angiogenesis	
Thbs4	Cd47	center->neighbors	0.7488108326533722	0.14998409496380175	2.256757263767939	0.04847576211894053	0.04847576211894053	0.6227532	1.110275	640	0.7259691582780038	0.7259691582780038		phagocytosis_efferocytosis	
Fadd	Tradd	center->neighbors	0.08516597759674727	0.017046536670687746	2.2352220579271598	0.04847576211894053	0.04847576211894053	0.44634166	0.15468319	644	0.7259691582780038	0.7259691582780038	apoptosis_extrinsic	apoptosis_extrinsic	apoptosis_extrinsic
Lamb2	Itga9_Itgb1	neighbors->center	0.1647434158652944	0.029352542881701683	2.22037830593499	0.04397801099450275	0.04397801099450275	0.46010518	0.14413583	598	0.7259691582780038	0.7259691582780038		ECM_integrin_adhesion	
Vcan	Egfr	center->neighbors	0.14963804854746418	0.04506757996592066	2.2142922403478416	0.031984007996002	0.031984007996002	0.40163237	0.28354016	866	0.7259691582780038	0.7259691582780038	EMT	RTK_MAPK	
Calr	Itga2b	center->neighbors	0.47057443979325475	0.16082488599378697	2.2094568279775246	0.031984007996002	0.031984007996002	2.125202	0.2416887	598	0.7259691582780038	0.7259691582780038	ER_stress_UPR, antigen_presentation_MHCI, necrosis_DAMP		
Col4a5	Cd47	center->neighbors	0.4038279609984996	0.07343795180798068	2.208801140438092	0.05297351324337831	0.05297351324337831	0.1811192	1.110275	640	0.7259691582780038	0.7259691582780038		phagocytosis_efferocytosis	
S100a8	Cd68	neighbors->center	0.1595091242398463	0.03957847713574122	2.207063019411261	0.044977511244377814	0.044977511244377814	0.27964905	0.4106181	2141	0.7259691582780038	0.7259691582780038	immunosuppression, necrosis_DAMP	phagocytosis_efferocytosis	
Sema3c	Nrp1_Plxna1	neighbors->center	0.12284305523989278	0.025564249035814064	2.18096122565576	0.046476761619190406	0.046476761619190406	0.3185129	0.14413583	2325	0.7259691582780038	0.7259691582780038		angiogenesis, axon_guidance_neurodevelopment	
Igf1	Igf2r	center->neighbors	0.182087504630752	0.05295708989318914	2.172658559599806	0.030484757621189407	0.030484757621189407	0.3820839	0.27181345	866	0.7259691582780038	0.7259691582780038			
Efnb1	Ephb1	neighbors->center	0.22537835600229814	0.07934946557572148	2.1602154548428123	0.03798100949525238	0.03798100949525238	0.21435204	0.5547539	598	0.7259691582780038	0.7259691582780038	axon_guidance_neurodevelopment		
Omg	Ngfr	neighbors->center	0.21570309235385482	0.02474488647000127	2.1546097841323877	0.0704647676161919	0.0704647676161919	0.7733126	0.13432972	866	0.7259691582780038	0.7259691582780038			
S100a4	Egfr	center->neighbors	0.1353662614265579	0.036117435405411465	2.139592138792071	0.041979010494752625	0.041979010494752625	0.3286741	0.28354016	866	0.7259691582780038	0.7259691582780038	migration_invasion	RTK_MAPK	
Vegfc	Vipr2	neighbors->center	0.06411647440252545	0.009187531216553926	2.1392598054283347	0.04597701149425287	0.04597701149425287	0.15169822	0.14325312	598	0.7259691582780038	0.7259691582780038	angiogenesis		
Mrc1	Ptprc	neighbors->center	0.03807124503103543	0.005012137768819143	2.1230779309380012	0.050474762618690654	0.050474762618690654	0.16982956	0.11534899	383	0.7259691582780038	0.7259691582780038			
Apoe	Lrp5	neighbors->center	0.7321386988939419	0.13993719240521732	2.1169102475488675	0.059470264867566215	0.059470264867566215	4.5931253	0.11752458	383	0.7259691582780038	0.7259691582780038	fatty_acid_lipid	WNT_signaling	
Psen1	Notch1	center->neighbors	0.3497047846817212	0.15145106631423905	2.110054203723276	0.03948025987006497	0.03948025987006497	0.8170163	0.44873148	2325	0.7259691582780038	0.7259691582780038		NOTCH_signaling, angiogenesis	
Tgfa	Erbb4	neighbors->center	0.393833545283797	0.15526829337326992	2.1100214746991637	0.037481259370314844	0.037481259370314844	0.3682247	1.028052	640	0.7259691582780038	0.7259691582780038			
Mmp2	Fgfr1	center->neighbors	0.2535590921718987	0.05387793295138914	2.0735364508953587	0.04897551224387806	0.04897551224387806	0.11534899	0.81191504	598	0.7259691582780038	0.7259691582780038	ECM_remodeling_fibrosis, EMT		
Igf2	Igf2r	center->neighbors	0.1478343797331427	0.02598831963592223	2.053326070139311	0.03948025987006497	0.03948025987006497	0.2518543	0.27181345	866	0.7259691582780038	0.7259691582780038			
Fgf1	Fgfrl1	center->neighbors	0.3141367472861762	0.12725853314220384	2.0509864679340852	0.0384807596201899	0.0384807596201899	0.5362475	0.51746476	640	0.7259691582780038	0.7259691582780038			
Selplg	Itgam	center->neighbors	0.2484872699293694	0.0947194614755084	2.037135736532379	0.04597701149425287	0.04597701149425287	0.9570176	0.31926924	2325	0.7259691582780038	0.7259691582780038		complement	
Npy	Mc4r	neighbors->center	0.3640742163849891	0.07373989648881908	2.026672200287488	0.06896551724137931	0.06896551724137931	0.7758242	0.25948483	866	0.7259691582780038	0.7259691582780038			
Adam17	Notch1	center->neighbors	0.21299574773551175	0.06899239734830959	2.020932526066281	0.043478260869565216	0.043478260869565216	0.3030885	0.44873148	2325	0.7259691582780038	0.7259691582780038		NOTCH_signaling, angiogenesis	
Rspo3	Rnf43	neighbors->center	0.05913553251068892	0.009466459844283383	2.014242964388047	0.06296851574212893	0.06296851574212893	0.18190435	0.11534899	640	0.7259691582780038	0.7259691582780038		WNT_signaling	
Dll3	Notch1	center->neighbors	0.17914472171998277	0.05906444311847927	1.9922023222067067	0.04247876061969016	0.04247876061969016	0.21440534	0.44873148	2325	0.7259691582780038	0.7259691582780038	NOTCH_signaling	NOTCH_signaling, angiogenesis	NOTCH_signaling
Jam3	Itgam_Itgb2	neighbors->center	0.17165221225289018	0.023973335569857812	1.9790274043845393	0.047476261869065464	0.047476261869065464	0.45434347	0.13432972	598	0.7259691582780038	0.7259691582780038		complement	
Vegfc	Itgb1	neighbors->center	0.14615081227011287	0.04441434938627163	1.975974490726108	0.05547226386806597	0.05547226386806597	0.15169822	0.74433297	598	0.7259691582780038	0.7259691582780038	angiogenesis	ECM_integrin_adhesion	
Igf1	Insr	neighbors->center	0.17365110116307206	0.055966186069551276	1.9502677726875213	0.04247876061969016	0.04247876061969016	0.29205164	0.28410777	2325	0.7259691582780038	0.7259691582780038			
Vwf	Itga9	neighbors->center	0.15608491752041345	0.03699399672482704	1.8978029419915805	0.06796601699150424	0.06796601699150424	0.35789964	0.14413583	383	0.7259691582780038	0.7259691582780038	coagulation_wound		
Apoe	Scarb1	center->neighbors	0.8152045300633354	0.37952236298165576	1.8850718772449802	0.04297851074462768	0.04297851074462768	4.6564374	0.31000233	598	0.7259691582780038	0.7259691582780038	fatty_acid_lipid		
Bmp4	Bmpr1b_Bmpr2	center->neighbors	0.08638072978542088	0.019557604790535688	1.8825342113479653	0.06596701649175413	0.06596701649175413	0.24967872	0.1632764	2141	0.7259691582780038	0.7259691582780038	TGFb_signaling		
S100a8	Itgb2	neighbors->center	0.09123312675928558	0.018249570431682384	1.8819498955792253	0.06046976511744128	0.06046976511744128	0.27964905	0.13432972	2141	0.7259691582780038	0.7259691582780038	immunosuppression, necrosis_DAMP		
Psen1	Ncstn	center->neighbors	0.6047365673704805	0.3612221557665358	1.8685339412707083	0.029985007496251874	0.029985007496251874	0.8170163	0.5713415	383	0.7259691582780038	0.7259691582780038			
Igfbp4	Fzd8	neighbors->center	0.302006951526693	0.08872431352700968	1.861967136844291	0.05997001499250375	0.05997001499250375	0.9431057	0.11534899	598	0.7259691582780038	0.7259691582780038			
Tnr	Itga9_Itgb1	neighbors->center	0.24982812545678515	0.05864984771442826	1.8466568846101639	0.0769615192403798	0.0769615192403798	0.7485285	0.14413583	640	0.7259691582780038	0.7259691582780038		ECM_integrin_adhesion	
Cd38	Pecam1	neighbors->center	0.18537894521165055	0.054598287406043666	1.8323490234902418	0.06696651674162919	0.06696651674162919	0.39672396	0.21332511	2325	0.7259691582780038	0.7259691582780038		angiogenesis	
Igf1	Igf2r	neighbors->center	0.15085294050067036	0.04759098937748463	1.8183778225849152	0.050474762618690654	0.050474762618690654	0.29205164	0.21440534	2325	0.7259691582780038	0.7259691582780038			
Gdf10	Bmpr2	center->neighbors	0.517866310318924	0.17002448905327427	1.7974864829521453	0.04247876061969016	0.04247876061969016	0.27777308	0.94155216	383	0.7259691582780038	0.7259691582780038			
Thbs4	Itga3_Itgb1	neighbors->center	0.0903605535098513	0.016489278324590986	1.7842380128487811	0.05847076461769116	0.05847076461769116	0.22192836	0.11534899	2325	0.7259691582780038	0.7259691582780038		ECM_integrin_adhesion	
Edn3	Ednrb	neighbors->center	0.12618729567566256	0.03655954792473144	1.775460907616761	0.0734632683658171	0.0734632683658171	0.14759608	0.59955674	383	0.7259691582780038	0.7259691582780038			
Lamb2	Itga6_Itgb4	neighbors->center	0.15904064801805903	0.03738314348943876	1.7673762286117098	0.07496251874062969	0.07496251874062969	0.46010518	0.13432972	598	0.7259691582780038	0.7259691582780038		ECM_integrin_adhesion	
Sema3c	Nrp1_Plxna4	neighbors->center	0.12284305523989278	0.03258958859970502	1.7547700542956044	0.06596701649175413	0.06596701649175413	0.3185129	0.14413583	2325	0.7259691582780038	0.7259691582780038		angiogenesis, axon_guidance_neurodevelopment	
Dcn	Egfr	center->neighbors	0.15678070451064735	0.04750036861557316	1.743610754705645	0.06896551724137931	0.06896551724137931	0.44088963	0.28354016	866	0.7259691582780038	0.7259691582780038		RTK_MAPK	
Vip	Ramp2	neighbors->center	0.4960997193681901	0.1699687097442921	1.7167577035107375	0.07396301849075462	0.07396301849075462	0.48421636	1.0382822	2325	0.7259691582780038	0.7259691582780038			
Agt	Mas1	neighbors->center	0.4495129493914834	0.13758575554464625	1.7141544865377054	0.08845577211394302	0.08845577211394302	1.0166167	0.2607777	383	0.7259691582780038	0.7259691582780038			
Rspo2	Znrf3	center->neighbors	0.10534509672390745	0.02734901815636541	1.7043084414572853	0.08395802098950525	0.08395802098950525	0.16875878	0.20895791	866	0.7259691582780038	0.7259691582780038			
Il16	Cd9	neighbors->center	0.1866485530220884	0.041860960493769896	1.6827650487877803	0.05147426286856572	0.05147426286856572	0.13986425	1.4055202	640	0.7259691582780038	0.7259691582780038			
Apoe	Lrp6	center->neighbors	1.0589751668900524	0.5904944096551618	1.677359480124951	0.05697151424287856	0.05697151424287856	4.6564374	0.47762924	598	0.7259691582780038	0.7259691582780038	fatty_acid_lipid	WNT_signaling	
Fgf11	Fgfr1	center->neighbors	0.3796543086444226	0.16109791185829653	1.6586632790058318	0.06196901549225387	0.06196901549225387	0.2586021	0.81191504	598	0.7259691582780038	0.7259691582780038			
Wnt5b	Fzd3_Lrp6	neighbors->center	0.059747585214011786	0.017096146770916983	1.6502832587915162	0.07396301849075462	0.07396301849075462	0.14132006	0.13432972	2325	0.7259691582780038	0.7259691582780038		WNT_signaling	
Saa1	Grm7	center->neighbors	0.05642740621278346	0.007087945892261705	1.6416014671665073	0.0559720139930035	0.0559720139930035	0.20231815	0.15604134	118	0.7259691582780038	0.7259691582780038			
Tgfb1	Vasn	neighbors->center	0.06055393974721024	0.017567159675875726	1.6156563072474257	0.08345827086456771	0.08345827086456771	0.12736823	0.31201193	383	0.7259691582780038	0.7259691582780038	TGFb_signaling, immunosuppression		
Lefty1	Acvr2a	center->neighbors	0.14392167391346547	0.03756388741332606	1.6148082692617738	0.0879560219890055	0.0879560219890055	0.3770094	0.23610167	2325	0.7259691582780038	0.7259691582780038			
Psap	Celsr1	neighbors->center	0.7130564111803476	0.19923252728111943	1.613368174054583	0.08595702148925537	0.08595702148925537	3.0189118	0.16875878	383	0.7259691582780038	0.7259691582780038	autophagy_lysosome		
Adam17	Itgb1	neighbors->center	0.2584631367478786	0.10614509814101285	1.5848190438773988	0.07646176911544228	0.07646176911544228	0.21194053	0.74433297	2141	0.7259691582780038	0.7259691582780038		ECM_integrin_adhesion	
Tgfb1	Eng	center->neighbors	0.1771391310740973	0.060851073370173044	1.5734674853779587	0.08395802098950525	0.08395802098950525	0.25948483	0.2871947	2141	0.7259691582780038	0.7259691582780038	TGFb_signaling, immunosuppression	angiogenesis	
Igfbp4	Lrp6	center->neighbors	0.43356858656394115	0.2097622223313425	1.5528382605276247	0.079960019990005	0.079960019990005	0.7805448	0.47762924	598	0.7259691582780038	0.7259691582780038		WNT_signaling	
Il16	Grin2d	neighbors->center	0.0857225599186193	0.019509098560508132	1.550916365960484	0.05247376311844078	0.05247376311844078	0.13986425	0.2964682	640	0.7259691582780038	0.7259691582780038			
Arf6	Smap1	neighbors->center	0.5687970950383795	0.3415871509928878	1.5457410578877187	0.06846576711644178	0.06846576711644178	0.6346523	0.73264873	2141	0.7259691582780038	0.7259691582780038			
Sema3g	Fcgr3	neighbors->center	0.04668642020786483	0.011845468283944489	1.5278377924527016	0.07946026986506746	0.07946026986506746	0.20566235	0.28499433	2456	0.7259691582780038	0.7259691582780038			
Mfge8	Pdgfrb	neighbors->center	0.7440999906585714	0.37558746504837504	1.5198458004394635	0.06196901549225387	0.06196901549225387	1.7838944	0.33084968	383	0.7259691582780038	0.7259691582780038	phagocytosis_efferocytosis	ECM_remodeling_fibrosis, angiogenesis	
Ybx1	Notch1	center->neighbors	0.5214639552176398	0.28056403587125217	1.51251204267332	0.08095952023988005	0.08095952023988005	1.8166704	0.44873148	2325	0.7259691582780038	0.7259691582780038		NOTCH_signaling, angiogenesis	
Ptn	Sdc4	center->neighbors	1.4341993863649996	1.011628371262648	1.5118751750779986	0.063968015992004	0.063968015992004	2.2590654	1.0741016	866	0.7259691582780038	0.7259691582780038			
Pf4	Adra2a	neighbors->center	0.10595996270973307	0.03221455119489281	1.5035947392859046	0.06496751624187906	0.06496751624187906	0.18980774	0.3056772	598	0.7259691582780038	0.7259691582780038			
Thbs4	Cd47	neighbors->center	0.3185718036609627	0.08597279115598593	1.5025785440215234	0.0879560219890055	0.0879560219890055	0.22192836	1.433741	2325	0.7259691582780038	0.7259691582780038		phagocytosis_efferocytosis	
Ptn	Ptprb	center->neighbors	0.650472501032328	0.35936916430825017	1.4938828710850776	0.08295852073963018	0.08295852073963018	2.2590654	0.5417116	2141	0.7259691582780038	0.7259691582780038			
Gnai2	S1pr1	center->neighbors	1.3746914707409423	1.0562040132072914	1.4934617560234804	0.059470264867566215	0.059470264867566215	1.6791936	1.4686846	2325	0.7259691582780038	0.7259691582780038			
Adam10	Axl	center->neighbors	0.49427917610263	0.31232795570109456	1.4898510505816203	0.07546226886556721	0.07546226886556721	0.5309922	0.6861406	383	0.7259691582780038	0.7259691582780038	NOTCH_signaling	phagocytosis_efferocytosis	
Col1a2	Itga2b	center->neighbors	0.10963144067093443	0.0343296505171677	1.476373569511248	0.07746126936531735	0.07746126936531735	0.11534899	0.2416887	598	0.7259691582780038	0.7259691582780038	ECM_remodeling_fibrosis		
Cxcl12	Sdc4	center->neighbors	0.7755285830098019	0.49930627216095436	1.4746549412407401	0.08345827086456771	0.08345827086456771	0.66054946	1.0741016	866	0.7259691582780038	0.7259691582780038	leukocyte_chemotaxis		
Il16	Grin2a	neighbors->center	0.20426007089179238	0.04732792190214236	1.4688415678828468	0.044977511244377814	0.044977511244377814	0.13986425	1.6832739	640	0.7259691582780038	0.7259691582780038		synaptic_neurotransmission	
Gas6	Axl	center->neighbors	0.5334863369478388	0.3279237652646826	1.4666353914402388	0.07546226886556721	0.07546226886556721	0.6185718	0.6861406	383	0.7259691582780038	0.7259691582780038	phagocytosis_efferocytosis	phagocytosis_efferocytosis	phagocytosis_efferocytosis
Cxcl12	Itgb1	neighbors->center	0.6022186048195668	0.3814309894199241	1.4304599442233894	0.08345827086456771	0.08345827086456771	0.69245565	0.74433297	383	0.7259691582780038	0.7259691582780038	leukocyte_chemotaxis	ECM_integrin_adhesion	
Il16	Kcnj4	neighbors->center	0.14054235026755846	0.03192303980167474	1.419431805985476	0.050974512743628186	0.050974512743628186	0.13986425	0.7968971	640	0.7259691582780038	0.7259691582780038			
Kl	Fgfr1	center->neighbors	0.3812479674561987	0.1342095032986523	1.4124335110365813	0.07296351824087956	0.07296351824087956	0.2607777	0.81191504	598	0.7259691582780038	0.7259691582780038			
Hbegf	Cd9	center->neighbors	0.49958138243581046	0.2314436574121585	1.4102559054266781	0.08345827086456771	0.08345827086456771	0.46522698	0.89268357	866	0.7259691582780038	0.7259691582780038			
Apoe	Trem2	neighbors->center	1.5609913464056873	1.0227503371751463	1.3821062527738741	0.05847076461769116	0.05847076461769116	4.5931253	0.53424805	383	0.7259691582780038	0.7259691582780038	fatty_acid_lipid		
Lgals3	Mcam	center->neighbors	0.14877346903630997	0.03277549008366519	1.3720972104830707	0.07846076961519241	0.07846076961519241	0.11752458	0.3323217	2141	0.7259691582780038	0.7259691582780038			
Psap	Gpr37l1	neighbors->center	2.66378468023039	2.3971753887518514	1.3397761760077644	0.08595702148925537	0.08595702148925537	3.0189118	2.3551407	383	0.7259691582780038	0.7259691582780038	autophagy_lysosome		
Bcan	Egfr	neighbors->center	0.6952988767376493	0.3680816479394022	1.3163520224614533	0.0704647676161919	0.0704647676161919	1.9459032	0.29675382	598	0.7259691582780038	0.7259691582780038		RTK_MAPK	
Fgf13	Fgfr1	neighbors->center	0.892317979507344	0.603595849810292	1.3091835915463446	0.08545727136431784	0.08545727136431784	1.1712639	0.7876405	598	0.7259691582780038	0.7259691582780038			
Pf4	Lrp1	neighbors->center	0.2277110263338884	0.08708519606574032	1.245002774550066	0.08695652173913043	0.08695652173913043	0.18980774	1.4117168	598	0.7259691582780038	0.7259691582780038		endocytosis, phagocytosis_efferocytosis	
Gnas	Adcy1	center->neighbors	2.8938130820692036	2.162704911044436	1.2099231031051667	0.04447776111944028	0.04447776111944028	3.4235463	2.4623005	2141	0.7259691582780038	0.7259691582780038			
Pf4	Fgfr2	neighbors->center	0.12355793026726965	0.04348810526272183	1.1843345999327728	0.08045977011494253	0.08045977011494253	0.18980774	0.41564324	598	0.7259691582780038	0.7259691582780038			
Sostdc1	Lrp5	neighbors->center	0.06046472929409755	0.010517408531196488	1.1781780125946157	0.0544727636181909	0.0544727636181909	0.21889687	0.11752458	383	0.7259691582780038	0.7259691582780038		WNT_signaling	
Il16	Grin2b	neighbors->center	0.16785345374352514	0.050109628362576014	1.1492177135759751	0.06696651674162919	0.06696651674162919	0.13986425	1.1367067	640	0.7259691582780038	0.7259691582780038		synaptic_neurotransmission	
Tnc	Itga9_Itgb1	neighbors->center	0.0474149327877526	0.011178009991444715	1.1478225953022025	0.08695652173913043	0.08695652173913043	0.15253823	0.14413583	598	0.7259691582780038	0.7259691582780038		ECM_integrin_adhesion	
Il16	Kcnj10	neighbors->center	0.1563908155285125	0.04911088657257152	1.1424739699549589	0.07246376811594203	0.07246376811594203	0.13986425	0.9867572	640	0.7259691582780038	0.7259691582780038			
Pf4	Sdc2	neighbors->center	0.12699699818314752	0.047939898511483885	1.0877239063193673	0.08395802098950525	0.08395802098950525	0.18980774	0.43910298	598	0.7259691582780038	0.7259691582780038			
Ptpn6	Egfr	center->neighbors	0.08019264913410971	0.023081372621355397	1.5799845037626967	0.09295352323838081	0.09295352323838081	0.11534899	0.28354016	866	0.7265550898020378	0.7265550898020378		RTK_MAPK	
Igf2	Igf1r	center->neighbors	0.232781567013415	0.06091026600077469	1.5115103827510108	0.09095452273863068	0.09095452273863068	0.2518543	0.5360666	2325	0.7265550898020378	0.7265550898020378			
Fgf14	Fgfr1	neighbors->center	0.3273814153670499	0.17798681810720945	1.395897069555394	0.09045477261369315	0.09045477261369315	0.40066978	0.7876405	2141	0.7265550898020378	0.7265550898020378			
Vim	Cd44	neighbors->center	0.2647757958363386	0.08478190711841896	1.3958743560215403	0.08945527236381809	0.08945527236381809	0.73448753	0.13432972	598	0.7265550898020378	0.7265550898020378	EMT		
Wnt4	Notch1	center->neighbors	0.26574492439127706	0.1255570554888699	1.3847875179151337	0.09245377311344327	0.09245377311344327	0.47179952	0.44873148	2325	0.7265550898020378	0.7265550898020378		NOTCH_signaling, angiogenesis	
Lamb1	Itga9_Itgb1	neighbors->center	0.07622548592316486	0.01819233100888568	1.34437222817048	0.09245377311344327	0.09245377311344327	0.13971134	0.14413583	2141	0.7265550898020378	0.7265550898020378		ECM_integrin_adhesion	
Efemp2	Aqp1	center->neighbors	0.0455302789450084	0.02160105898429279	0.25995742352515866	0.09145427286356822	0.09145427286356822	0.11752458	0.16555052	1092	0.7265550898020378	0.7265550898020378			
Vegfa	Gpc1	center->neighbors	0.6555943007100674	0.39705627138767624	1.4227634448529427	0.09395302348825588	0.09395302348825588	0.72372586	0.86372006	2325	0.7294055674865271	0.7294055674865271	angiogenesis, hypoxia		
Col4a1	Itga9_Itgb1	neighbors->center	0.13174688887062588	0.03119991219484194	1.6756449661381472	0.09545227386306847	0.09545227386306847	0.36406046	0.14413583	2141	0.736071561534669	0.736071561534669	ECM_integrin_adhesion	ECM_integrin_adhesion	ECM_integrin_adhesion
Vegfa	Egfr	center->neighbors	0.20086983199738456	0.10051347878284386	1.4006244930706984	0.09645177411294353	0.09645177411294353	0.72372586	0.28354016	866	0.7377304725120883	0.7377304725120883	angiogenesis, hypoxia	RTK_MAPK	
Vegfc	Flt1	neighbors->center	0.10389261933437682	0.03996432095081965	1.3446861274219952	0.09695152423788106	0.09695152423788106	0.15169822	0.3761267	598	0.7377304725120883	0.7377304725120883	angiogenesis	angiogenesis	angiogenesis
Psen1	Notch4	center->neighbors	0.13822105434279533	0.059887271336578396	1.4175328360287536	0.09845077461269365	0.09845077461269365	0.8170163	0.12652822	383	0.7442101317762171	0.7442101317762171		NOTCH_signaling	
Gnai2	Adra2b	neighbors->center	0.39388658973632196	0.06889050390814051	1.9203965254974433	0.10394802598700649	0.10394802598700649	1.3526193	0.14325312	640	0.7464767616191904	0.7464767616191904			
Inha_Inhba	Acvr2a	center->neighbors	0.09446596026495495	0.019604761702544438	1.5246399037021405	0.10394802598700649	0.10394802598700649	0.16242409	0.23610167	2325	0.7464767616191904	0.7464767616191904			
Lamb2	Cd44	neighbors->center	0.15904064801805903	0.051128029778043295	1.3777906777437359	0.09995002498750624	0.09995002498750624	0.46010518	0.13432972	598	0.7464767616191904	0.7464767616191904			
Cxcl12	Sdc4	neighbors->center	0.6765640811613217	0.4458736421866963	1.3632487680319971	0.10094952523738131	0.10094952523738131	0.69245565	0.93945676	383	0.7464767616191904	0.7464767616191904	leukocyte_chemotaxis		
Efnb1	Ephb2	neighbors->center	0.11452862728179494	0.04604835995162445	1.351991891833716	0.10394802598700649	0.10394802598700649	0.21435204	0.14325312	598	0.7464767616191904	0.7464767616191904	axon_guidance_neurodevelopment	axon_guidance_neurodevelopment	axon_guidance_neurodevelopment
Dll3	Notch4	center->neighbors	0.07080707196089987	0.0249702068900741	1.3300180056706479	0.10144927536231885	0.10144927536231885	0.21440534	0.12652822	383	0.7464767616191904	0.7464767616191904	NOTCH_signaling	NOTCH_signaling	NOTCH_signaling
Tgfb1	Cav1	neighbors->center	0.07473933879550979	0.028503614766060458	1.3130660451842129	0.10094952523738131	0.10094952523738131	0.12736823	0.4753187	383	0.7464767616191904	0.7464767616191904	TGFb_signaling, immunosuppression	endocytosis	
Fgf13	Egfr	neighbors->center	0.5477139258261953	0.28283182382516836	1.2779276457309743	0.1024487756121939	0.1024487756121939	1.1712639	0.29675382	598	0.7464767616191904	0.7464767616191904		RTK_MAPK	
Fgf12	Fgfr1	center->neighbors	0.7431875241267561	0.46651838380828237	1.3513870551434113	0.10494752623688156	0.10494752623688156	0.9909511	0.81191504	598	0.7489733394172479	0.7489733394172479			
Ntf3	Ntrk2	center->neighbors	0.46798842022790976	0.12248312117562755	1.4827531836600292	0.12293853073463268	0.12293853073463268	0.13432972	1.8124521	2141	0.7493478260869566	0.7493478260869566		axon_guidance_neurodevelopment	
Bmp4	Rgmb	center->neighbors	0.2138428115535672	0.06891658653966114	1.388974253410566	0.11744127936031984	0.11744127936031984	0.24967872	0.36941344	2141	0.7493478260869566	0.7493478260869566	TGFb_signaling		
Gnai2	Ednra	neighbors->center	0.42751596635812594	0.14166608430195812	1.3678109749096068	0.12293853073463268	0.12293853073463268	1.3526193	0.16875878	640	0.7493478260869566	0.7493478260869566			
Mmp9	Ifnar1	center->neighbors	0.09392385991079626	0.026257297241454196	1.3182017667791741	0.13043478260869565	0.13043478260869565	0.3311829	0.15667967	640	0.7493478260869566	0.7493478260869566	ECM_remodeling_fibrosis	interferon_type_I	
Mfge8	Itgb5	neighbors->center	1.02395131987231	0.7041325142995974	1.2758297054148724	0.10944527736131934	0.10944527736131934	1.7838944	0.6265082	383	0.7493478260869566	0.7493478260869566	phagocytosis_efferocytosis	ECM_integrin_adhesion, phagocytosis_efferocytosis	phagocytosis_efferocytosis
Tgfb1	Cav1	center->neighbors	0.09693496653804091	0.034906768077279986	1.273361036175735	0.11944027986006997	0.11944027986006997	0.25948483	0.23006323	1092	0.7493478260869566	0.7493478260869566	TGFb_signaling, immunosuppression	endocytosis	
Col3a1	Mag	center->neighbors	0.46277566671424547	0.14704988129415764	1.2640656745389125	0.11744127936031984	0.11744127936031984	0.16875878	1.5176685	866	0.7493478260869566	0.7493478260869566	ECM_remodeling_fibrosis, EMT		
Lefty1	Acvr1b	center->neighbors	0.2064829812352187	0.06774172188409897	1.2563535981983556	0.12593703148425786	0.12593703148425786	0.3770094	0.31134054	2141	0.7493478260869566	0.7493478260869566			
Wnt7a	Fzd3_Lrp6	neighbors->center	0.14033865412822397	0.06510548945241143	1.2544640325432308	0.11344327836081959	0.11344327836081959	0.40433568	0.13432972	2141	0.7493478260869566	0.7493478260869566		WNT_signaling	
Wnt10a	Fzd3_Lrp6	neighbors->center	0.10121427281220104	0.03503704119358009	1.2408435777431666	0.10994502748625687	0.10994502748625687	0.23447312	0.13432972	2325	0.7493478260869566	0.7493478260869566		WNT_signaling	
Col4a5	Itgav_Itgb8	center->neighbors	0.09865483508702635	0.02613156745450657	1.237585651291463	0.1294352823588206	0.1294352823588206	0.1811192	0.23464416	866	0.7493478260869566	0.7493478260869566		ECM_integrin_adhesion, phagocytosis_efferocytosis	
Pdgfc	Pdgfrb	neighbors->center	0.10967576603788312	0.04729424496575433	1.2258635451520465	0.11394302848575712	0.11394302848575712	0.12716655	0.33084968	383	0.7493478260869566	0.7493478260869566		ECM_remodeling_fibrosis, angiogenesis	
Bmp4	Acvr2a_Bmpr1a	center->neighbors	0.08381227040585254	0.025422403133547974	1.2249934596912202	0.12493753123438281	0.12493753123438281	0.24967872	0.15152057	2325	0.7493478260869566	0.7493478260869566	TGFb_signaling		
Efnb1	Ephb6	neighbors->center	0.22875411862988942	0.11391915362307378	1.2242259163243359	0.12643678160919541	0.12643678160919541	0.21435204	0.5714968	598	0.7493478260869566	0.7493478260869566	axon_guidance_neurodevelopment		
App	Lrp6	center->neighbors	0.7990751300663353	0.5120997456441536	1.2188781547875602	0.11244377811094453	0.11244377811094453	2.6512914	0.47762924	598	0.7493478260869566	0.7493478260869566		WNT_signaling	
P4hb	Mttp	center->neighbors	0.21680713932560447	0.10764344533325473	1.2132502479379728	0.1089455272363818	0.1089455272363818	0.8107857	0.24647982	598	0.7493478260869566	0.7493478260869566			
Tnc	Ptprb	center->neighbors	0.14836411745737202	0.054156631757392756	1.2108036712722285	0.12643678160919541	0.12643678160919541	0.11752458	0.5417116	2141	0.7493478260869566	0.7493478260869566			
Sema4b	Dcbld2	neighbors->center	0.07819104885545783	0.03364569850586792	1.1980102174656981	0.11544227886056972	0.11544227886056972	0.13360634	0.24967872	866	0.7493478260869566	0.7493478260869566			
Lrig2	Egfr	center->neighbors	0.12862513311663903	0.06514848054312924	1.1889608828925156	0.11444277861069466	0.11444277861069466	0.29675382	0.28354016	866	0.7493478260869566	0.7493478260869566		RTK_MAPK	
Clec11a	Itgb1	neighbors->center	0.17321822470413228	0.08935130540665333	1.1867046957681846	0.12443778110944528	0.12443778110944528	0.1419584	0.74433297	2325	0.7493478260869566	0.7493478260869566		ECM_integrin_adhesion	
Vwf	Itgb1	neighbors->center	0.3546978810488171	0.186808548021689	1.1803295958146032	0.11694152923538231	0.11694152923538231	0.35789964	0.74433297	383	0.7493478260869566	0.7493478260869566	coagulation_wound	ECM_integrin_adhesion	
Lamb2	Itga7_Itgb1	neighbors->center	0.14737675251112098	0.05729186069693167	1.177817098489077	0.12043978010994502	0.12043978010994502	0.46010518	0.11534899	598	0.7493478260869566	0.7493478260869566		ECM_integrin_adhesion	
St6gal1	Egfr	neighbors->center	0.11951052186642432	0.05482029687663172	1.1739710727278487	0.12693653173413294	0.12693653173413294	0.21424484	0.29675382	640	0.7493478260869566	0.7493478260869566		RTK_MAPK	
Ptn	Sdc4	neighbors->center	1.4695408322192134	1.1766574668036425	1.1733654300354464	0.11944027986006997	0.11944027986006997	2.3347297	0.93945676	383	0.7493478260869566	0.7493478260869566			
Lgals3	Eng	center->neighbors	0.11921280044376384	0.03353309496043526	1.1699139760121615	0.12743628185907047	0.12743628185907047	0.11752458	0.2871947	2141	0.7493478260869566	0.7493478260869566		angiogenesis	
Wnt7a	Ldlr	neighbors->center	0.15431796020603886	0.07460662887218628	1.163274089743635	0.12693653173413294	0.12693653173413294	0.40433568	0.16242409	2141	0.7493478260869566	0.7493478260869566		endocytosis, fatty_acid_lipid	
Tgfb1	Egfr	neighbors->center	0.059054771319156645	0.023181245457153773	1.1614801737482545	0.12543728135932034	0.12543728135932034	0.12736823	0.29675382	383	0.7493478260869566	0.7493478260869566	TGFb_signaling, immunosuppression	RTK_MAPK	
Tgfb1	Lpp	neighbors->center	0.04368999815267991	0.014450377116862943	1.1614522352651298	0.11594202898550725	0.11594202898550725	0.12736823	0.16242409	383	0.7493478260869566	0.7493478260869566	TGFb_signaling, immunosuppression		
Efnb1	Epha4	neighbors->center	0.2851198659029882	0.15270442730051537	1.1556421616285424	0.13043478260869565	0.13043478260869565	0.21435204	0.8878322	598	0.7493478260869566	0.7493478260869566	axon_guidance_neurodevelopment	axon_guidance_neurodevelopment	axon_guidance_neurodevelopment
Mif	Egfr	neighbors->center	0.8626717199053964	0.49410597110605353	1.127899769432634	0.10844577711144428	0.10844577711144428	2.4938934	0.29675382	866	0.7493478260869566	0.7493478260869566		RTK_MAPK	
Psap	Gpr37l1	center->neighbors	2.577752073305436	2.3628261178991	1.1144513462848316	0.12643678160919541	0.12643678160919541	3.0442586	2.1443157	2325	0.7493478260869566	0.7493478260869566	autophagy_lysosome		
Vtn	Itgav_Itgb1	neighbors->center	0.5345737571385357	0.36644538711639113	1.064779330311948	0.12893553223388307	0.12893553223388307	1.0587213	0.35621333	383	0.7493478260869566	0.7493478260869566	ECM_integrin_adhesion	ECM_integrin_adhesion, phagocytosis_efferocytosis	ECM_integrin_adhesion
Hsp90aa1	Egfr	neighbors->center	0.9277887175900457	0.5485815080355928	1.0458484741561964	0.127936031984008	0.127936031984008	2.7431703	0.29675382	2325	0.7493478260869566	0.7493478260869566	necrosis_DAMP, proteostasis_heat_shock	RTK_MAPK	
Wif1	Ryk	center->neighbors	0.07752843606820009	0.020822773414946785	1.0343996132997968	0.1294352823588206	0.1294352823588206	0.1783253	0.22301853	2141	0.7493478260869566	0.7493478260869566			
Igf1	Igf1r	neighbors->center	0.19741914202333932	0.09553851289326408	1.0296276829801834	0.1199400299850075	0.1199400299850075	0.29205164	0.3672033	2325	0.7493478260869566	0.7493478260869566			
Lamb1	Itga6_Itgb4	neighbors->center	0.07358686200499676	0.022476510064032902	1.019333139143556	0.12593703148425786	0.12593703148425786	0.13971134	0.13432972	2141	0.7493478260869566	0.7493478260869566		ECM_integrin_adhesion	
C4b	C3ar1	neighbors->center	0.10277380042750996	0.030880539372171643	0.9857647497759305	0.11744127936031984	0.11744127936031984	0.3987484	0.11534899	866	0.7493478260869566	0.7493478260869566	complement	complement	complement
Pf4	Ldlr	neighbors->center	0.0772387927399049	0.03146404883787904	0.9221129372157737	0.11444277861069466	0.11444277861069466	0.18980774	0.16242409	598	0.7493478260869566	0.7493478260869566		endocytosis, fatty_acid_lipid	
Il16	Kcnd2	neighbors->center	0.10018143652034792	0.04356399793402089	0.6279101452408323	0.11944027986006997	0.11944027986006997	0.13986425	0.40491357	640	0.7493478260869566	0.7493478260869566			
Inhba	Eng	center->neighbors	0.14014698242131318	0.048214865343504325	1.2569413000588947	0.13193403298350825	0.13193403298350825	0.16242409	0.2871947	2141	0.7495882600571636	0.7495882600571636		angiogenesis	
Fgf13	Fgfr1	center->neighbors	0.7301987017291868	0.48649484741494975	1.1159889781686356	0.13143428285857073	0.13143428285857073	0.95661575	0.81191504	598	0.7495882600571636	0.7495882600571636			
Col9a3	Itga9_Itgb1	neighbors->center	0.06617072551425435	0.026977376549331984	0.5143482945850318	0.13243378310844578	0.13243378310844578	0.24454276	0.14413583	383	0.7495882600571636	0.7495882600571636		ECM_integrin_adhesion	
Gnai2	P2ry12	neighbors->center	1.0340014553483179	0.771389420160418	1.0865545896353526	0.13343328335832083	0.13343328335832083	1.3526193	0.98719734	640	0.7515433459740717	0.7515433459740717			
Vegfc	Nrp2	neighbors->center	0.05753399111852098	0.022490792882455292	0.9384988514841958	0.13493253373313344	0.13493253373313344	0.15169822	0.11534899	598	0.7526091323270403	0.7526091323270403	angiogenesis		
Nampt	Adora2a	neighbors->center	0.19713361993694645	0.07716013248083457	0.8447410748662277	0.13493253373313344	0.13493253373313344	0.31726176	0.2607777	866	0.7526091323270403	0.7526091323270403		immunosuppression	
Ntf3	Ntrk3	center->neighbors	0.2510580246901295	0.07145350064686398	1.2496715984633848	0.1409295352323838	0.1409295352323838	0.13432972	0.7482346	640	0.755824413374708	0.755824413374708			
Tgfb1	Sdc2	center->neighbors	0.2159185291224101	0.08698739227315093	1.2319370291237575	0.13893053473263367	0.13893053473263367	0.25948483	0.36642185	866	0.755824413374708	0.755824413374708	TGFb_signaling, immunosuppression		
Tgfb1	Itgb8	center->neighbors	0.2472324942908418	0.10396173094599885	1.1963487870885459	0.14042978510744628	0.14042978510744628	0.25948483	0.5956388	866	0.755824413374708	0.755824413374708	TGFb_signaling, immunosuppression		
Vtn	Cd47	neighbors->center	1.0724768023521074	0.8265976913315319	1.0846326290134392	0.13993003498250875	0.13993003498250875	1.0587213	1.433741	383	0.755824413374708	0.755824413374708	ECM_integrin_adhesion	phagocytosis_efferocytosis	
Lamb2	Dag1	neighbors->center	0.38006597793537567	0.23455451229964502	1.0307388941029105	0.13993003498250875	0.13993003498250875	0.46010518	0.7671386	598	0.755824413374708	0.755824413374708			
Slit2	Robo4	center->neighbors	0.06819006778122452	0.029959083566421643	0.9985368537413618	0.14142928535732133	0.14142928535732133	0.11534899	0.13971134	2141	0.755824413374708	0.755824413374708	axon_guidance_neurodevelopment		
Efna1	Epha8	neighbors->center	0.057435196590589266	0.022266844947928213	0.9569089548894308	0.136431784107946	0.136431784107946	0.15240905	0.11752458	2141	0.755824413374708	0.755824413374708			
Lamc1	Itga9_Itgb1	neighbors->center	0.06838744104883085	0.022323038861139784	0.9516548147059254	0.13993003498250875	0.13993003498250875	0.1694155	0.14413583	383	0.755824413374708	0.755824413374708		ECM_integrin_adhesion	
Myoc	Fzd1	neighbors->center	0.08254015698882011	0.03778742557754621	0.5125170447405095	0.13793103448275862	0.13793103448275862	0.20422864	0.11534899	383	0.755824413374708	0.755824413374708		WNT_signaling	
Gnai2	Tbxa2r	neighbors->center	0.38142153964882736	0.11493325245438828	1.3985357811164483	0.14742628685657172	0.14742628685657172	1.3526193	0.13432972	640	0.7565809369993115	0.7565809369993115			
Npy	Fap	neighbors->center	0.24273971767252892	0.06586222792106072	1.2710044109982492	0.1519240379810095	0.1519240379810095	0.7758242	0.11534899	866	0.7565809369993115	0.7565809369993115		ECM_remodeling_fibrosis	
Edn1	Ednrb	center->neighbors	0.20580129854081572	0.07002528199541334	1.2300533100277844	0.1519240379810095	0.1519240379810095	0.14413583	0.707792	598	0.7565809369993115	0.7565809369993115			
Entpd1	Adora1	center->neighbors	0.35985663151574565	0.17972674215655196	1.1019595994360178	0.15342328835582209	0.15342328835582209	0.20231815	0.8743983	2325	0.7565809369993115	0.7565809369993115	T_cell_exhaustion_checkpoint, immunosuppression, necrosis_DAMP		
Pdgfb	S1pr1	neighbors->center	0.4507854198854589	0.2923863353725607	1.06567520857602	0.14292853573213393	0.14292853573213393	0.34752375	1.2490071	2325	0.7565809369993115	0.7565809369993115	angiogenesis		
Bcan	Egfr	center->neighbors	0.3234790090147398	0.18989489943652904	1.0599799533596586	0.15092453773113443	0.15092453773113443	1.8768816	0.28354016	866	0.7565809369993115	0.7565809369993115		RTK_MAPK	
Efna1	Epha5	neighbors->center	0.1700034124885506	0.08462837755431338	1.04707461388227	0.1424287856071964	0.1424287856071964	0.15240905	1.0296457	2141	0.7565809369993115	0.7565809369993115			
Igf1	Igf1r	center->neighbors	0.2867168890524158	0.1458123489660944	1.0071957810356318	0.15342328835582209	0.15342328835582209	0.3820839	0.5360666	2325	0.7565809369993115	0.7565809369993115			
Cxcl12	Adra2a	neighbors->center	0.3859242523806276	0.23842586186944092	1.00240941684599	0.14742628685657172	0.14742628685657172	0.69245565	0.3056772	383	0.7565809369993115	0.7565809369993115	leukocyte_chemotaxis		
Bmp6	Bmpr1a_Bmpr2	center->neighbors	0.1771162233496853	0.06900772781977979	0.9948390820089383	0.15142428785607195	0.15142428785607195	0.11534899	0.50305545	598	0.7565809369993115	0.7565809369993115			
S100a4	Egfr	neighbors->center	0.08330230574040952	0.03637349393969965	0.9935489889493474	0.14442778610694654	0.14442778610694654	0.12652822	0.29675382	383	0.7565809369993115	0.7565809369993115	migration_invasion	RTK_MAPK	
Lamb2	Rpsa	neighbors->center	0.8347911799824462	0.5359661704454386	0.9745214798433426	0.15342328835582209	0.15342328835582209	0.46010518	3.7009356	598	0.7565809369993115	0.7565809369993115			
Gnai2	Cav1	neighbors->center	0.7174829755428126	0.46146268001644936	0.9597348229920522	0.15092453773113443	0.15092453773113443	1.3526193	0.4753187	640	0.7565809369993115	0.7565809369993115		endocytosis	
Bmp2	Acvr2a_Bmpr1b	neighbors->center	0.04435722735154171	0.016112899914821087	0.9421760139816276	0.14642678660669664	0.14642678660669664	0.19339462	0.27758285	1092	0.7565809369993115	0.7565809369993115	TGFb_signaling		
Sema3g	Fcgr3	center->neighbors	0.05366175113978333	0.017575572952768258	0.9249922579445585	0.15092453773113443	0.15092453773113443	0.16242409	0.1975482	640	0.7565809369993115	0.7565809369993115			
Rspo3	Fzd8	neighbors->center	0.05913553251068892	0.023403365939815207	0.9142347835972257	0.14992503748125938	0.14992503748125938	0.18190435	0.11534899	640	0.7565809369993115	0.7565809369993115			
Efna1	Epha7	neighbors->center	0.1223157776165204	0.062169472492055546	0.8604873503695774	0.14992503748125938	0.14992503748125938	0.15240905	0.53301257	2141	0.7565809369993115	0.7565809369993115			
Tnc	Itga7	center->neighbors	0.08127244088946123	0.03481048645241077	0.7734922411006285	0.15342328835582209	0.15342328835582209	0.11752458	0.28979808	640	0.7565809369993115	0.7565809369993115			
Gstp1	Egfr	center->neighbors	0.17286008189111363	0.09915331901497051	0.9984409397673076	0.1549225387306347	0.1549225387306347	0.5359621	0.28354016	866	0.7574723276659543	0.7574723276659543		RTK_MAPK	
Tnc	Egfr	center->neighbors	0.08094537172803867	0.03284037729903486	0.9536935939100571	0.15442278860569716	0.15442278860569716	0.11752458	0.28354016	866	0.7574723276659543	0.7574723276659543		RTK_MAPK	
Itgb2	Thy1	center->neighbors	0.5755766923016463	0.24089730180054592	1.1338597026898019	0.15692153923038482	0.15692153923038482	0.13432972	2.5068135	2325	0.7575749940155972	0.7575749940155972			
Lgi1	Adam23	neighbors->center	1.0040869900967677	0.7254147285771246	1.0741411208046507	0.15592203898050974	0.15592203898050974	1.1553098	1.020657	2141	0.7575749940155972	0.7575749940155972			
Vwf	Sirpa	neighbors->center	0.5173450772274146	0.31791099810626045	0.9769136628892676	0.15642178910544727	0.15642178910544727	0.35789964	1.5834731	383	0.7575749940155972	0.7575749940155972	coagulation_wound	phagocytosis_efferocytosis	
Sostdc1	Lrp6	neighbors->center	0.08851410041053212	0.047834555870383995	0.38222691658714875	0.15792103948025987	0.15792103948025987	0.21889687	0.2518543	383	0.7592103529825046	0.7592103529825046		WNT_signaling	
Icam4	Itgb1	center->neighbors	0.1357966689099123	0.04147394113261557	1.221588317906329	0.16441779110444776	0.16441779110444776	0.11752458	0.33843046	2141	0.7602578710644677	0.7602578710644677		ECM_integrin_adhesion	
Tcn2	Cnr1	neighbors->center	0.3815639650061164	0.23668763122472397	1.016729061475255	0.1634182908545727	0.1634182908545727	0.35196897	1.1842744	2325	0.7602578710644677	0.7602578710644677			
Fgf9	Fgfr1	neighbors->center	0.3261558546048521	0.20208599823712817	1.0163786386112472	0.16541729135432284	0.16541729135432284	0.2934971	0.7876405	2325	0.7602578710644677	0.7602578710644677			
Ang	Plxnb2	center->neighbors	0.20361392168962061	0.08555716040119855	0.9806601363437157	0.16141929035482258	0.16141929035482258	0.2607777	0.5038646	383	0.7602578710644677	0.7602578710644677			
Lamb2	Itga6_Itgb1	neighbors->center	0.15904064801805903	0.07857126653603753	0.9280331193933306	0.15892053973013492	0.15892053973013492	0.46010518	0.13432972	598	0.7602578710644677	0.7602578710644677		ECM_integrin_adhesion	
Fgf14	Fgfr2	neighbors->center	0.23782108141576672	0.15073920347144024	0.9211720316666175	0.16391804097951024	0.16391804097951024	0.40066978	0.41564324	2141	0.7602578710644677	0.7602578710644677			
Ltbp3	Itgb5	neighbors->center	0.3800868638966544	0.24349835354026256	0.8796859612892663	0.1634182908545727	0.1634182908545727	0.44671512	0.6265082	598	0.7602578710644677	0.7602578710644677		ECM_integrin_adhesion, phagocytosis_efferocytosis	
Lpl	Cd44	neighbors->center	0.0740448716803057	0.02960021948922857	0.8658097979200228	0.16091954022988506	0.16091954022988506	0.21822107	0.13432972	866	0.7602578710644677	0.7602578710644677	fatty_acid_lipid		
Efna1	Ephb1	neighbors->center	0.1247854523718	0.06476452225566243	0.7259858509566088	0.16491754122938532	0.16491754122938532	0.15240905	0.5547539	2141	0.7602578710644677	0.7602578710644677			
Il16	Grin2c	neighbors->center	0.05347034355743362	0.02663510290320189	0.49613399350392384	0.15992003998001	0.15992003998001	0.13986425	0.11534899	640	0.7602578710644677	0.7602578710644677			
Hcrt	Hcrtr2	neighbors->center	0.0459981712361661	0.041370090769496326	0.04019243691871775	0.1634182908545727	0.1634182908545727	0.13444637	0.16875878	866	0.7602578710644677	0.7602578710644677			
Bmp6	Bmpr1b_Bmpr2	center->neighbors	0.05871282475345305	0.0233653886910207	0.847934798167206	0.1679160419790105	0.1679160419790105	0.11534899	0.1632764	2141	0.7686674590991357	0.7686674590991357			
Ptdss1	Scarb1	center->neighbors	0.25076326963278894	0.15397435674055182	0.9946358202048852	0.16891554222888555	0.16891554222888555	0.440604	0.31000233	598	0.7701744365912281	0.7701744365912281			
Apoe	Scarb1	neighbors->center	1.0878900616710314	0.6958870216833742	0.9390196839988262	0.16991504247876063	0.16991504247876063	4.5931253	0.25948483	383	0.7716695012177706	0.7716695012177706	fatty_acid_lipid		
Col4a1	Cd44	neighbors->center	0.12718632841261182	0.055324695776387434	0.9485117616111719	0.18590704647676162	0.18590704647676162	0.36406046	0.13432972	2141	0.771791523593042	0.771791523593042	ECM_integrin_adhesion		
Igfbp4	Lrp6	neighbors->center	0.4462566879271843	0.26567606518153236	0.920059689095139	0.18040979510244878	0.18040979510244878	0.9431057	0.2518543	598	0.771791523593042	0.771791523593042		WNT_signaling	
Apoe	Trem2	center->neighbors	0.9049559048536515	0.6401851926884391	0.9067708372647645	0.1724137931034483	0.1724137931034483	4.6564374	0.49203762	383	0.771791523593042	0.771791523593042	fatty_acid_lipid		
Fgf1	Egfr	center->neighbors	0.17290610229203193	0.10244582121202375	0.8995855052453471	0.17341329335332334	0.17341329335332334	0.5362475	0.28354016	866	0.771791523593042	0.771791523593042		RTK_MAPK	
Fgf1	Fgfr1	center->neighbors	0.5467073838423221	0.3493335787254343	0.8932082059337657	0.18340829585207397	0.18340829585207397	0.5362475	0.81191504	598	0.771791523593042	0.771791523593042			
Vtn	Cd47	center->neighbors	1.1879569778634744	0.9701504293755251	0.8874222573793391	0.1809095452273863	0.1809095452273863	1.5673759	1.110275	640	0.771791523593042	0.771791523593042	ECM_integrin_adhesion	phagocytosis_efferocytosis	
Adam10	Notch1	center->neighbors	0.281922860829783	0.18818412487319214	0.8820004307215937	0.17791104447776113	0.17791104447776113	0.5309922	0.44873148	2325	0.771791523593042	0.771791523593042	NOTCH_signaling	NOTCH_signaling, angiogenesis	NOTCH_signaling
Col4a2	Itga9_Itgb1	neighbors->center	0.07622548592316486	0.028449810894813486	0.8813995984386744	0.18140929535232383	0.18140929535232383	0.13971134	0.14413583	2141	0.771791523593042	0.771791523593042	ECM_integrin_adhesion	ECM_integrin_adhesion	ECM_integrin_adhesion
Gnai2	Egfr	center->neighbors	0.3059694441404851	0.19379699006504303	0.8705741055074383	0.1874062968515742	0.1874062968515742	1.6791936	0.28354016	866	0.771791523593042	0.771791523593042		RTK_MAPK	
Arf1	Pld2	neighbors->center	0.753885111618982	0.521564909644271	0.8534748052043654	0.18490754622688654	0.18490754622688654	1.9120852	0.3030885	383	0.771791523593042	0.771791523593042	secretion_exocytosis		
Lamb2	Rpsa	center->neighbors	1.2249426188940655	0.873653850404541	0.8429184976555093	0.18190904547726136	0.18190904547726136	0.40163237	3.7405975	598	0.771791523593042	0.771791523593042			
H2-K1	Aplp2	neighbors->center	1.01286807884765	0.7864528645619969	0.8429167426451101	0.18690654672663667	0.18690654672663667	0.77791446	1.9486215	383	0.771791523593042	0.771791523593042	antigen_presentation_MHCI		
Vwf	Lrp1	neighbors->center	0.4884822149663443	0.31766509531258924	0.8308922548041736	0.17891054472763618	0.17891054472763618	0.35789964	1.4117168	383	0.771791523593042	0.771791523593042	coagulation_wound	endocytosis, phagocytosis_efferocytosis	
Vip	Ramp3	neighbors->center	0.2865721960501671	0.14529831855635972	0.8251197277057787	0.18490754622688654	0.18490754622688654	0.48421636	0.34645396	2325	0.771791523593042	0.771791523593042			
Pomc	Ramp2	center->neighbors	0.2813362393648519	0.16867469767793614	0.8184108426161855	0.1714142928535732	0.1714142928535732	0.23287357	0.7912176	2141	0.771791523593042	0.771791523593042			
Tgm2	Sdc4	center->neighbors	0.32407985079664114	0.17370019073639614	0.8177182898223149	0.17891054472763618	0.17891054472763618	0.11534899	1.0741016	866	0.771791523593042	0.771791523593042			
Cntn6	Notch1	center->neighbors	0.1464327611525018	0.08698690807487709	0.8164386024758025	0.1874062968515742	0.1874062968515742	0.14325312	0.44873148	2325	0.771791523593042	0.771791523593042		NOTCH_signaling, angiogenesis	
Adam17	Notch1	neighbors->center	0.10979967098610165	0.06131170284451511	0.7767898676788486	0.1724137931034483	0.1724137931034483	0.21194053	0.13432972	2141	0.771791523593042	0.771791523593042		NOTCH_signaling, angiogenesis	
Cfh	Itgam	center->neighbors	0.1338718533635046	0.0770608874272197	0.7766703889300532	0.17491254372813594	0.17491254372813594	0.27777308	0.31926924	2325	0.771791523593042	0.771791523593042	complement	complement	complement
Ltbp1	Itgb5	neighbors->center	0.09154800453188593	0.04967788876443695	0.7570215523993267	0.1854072963518241	0.1854072963518241	0.17690769	0.6265082	866	0.771791523593042	0.771791523593042	TGFb_signaling	ECM_integrin_adhesion, phagocytosis_efferocytosis	
Pros1	Mertk	neighbors->center	0.07848152335465705	0.04236467257721086	0.7441881999435122	0.1794102948525737	0.1794102948525737	0.149201	0.14325312	598	0.771791523593042	0.771791523593042	phagocytosis_efferocytosis	phagocytosis_efferocytosis	phagocytosis_efferocytosis
Sema3e	Nrp1	neighbors->center	0.1179277768548106	0.05806949941674527	0.7289016796256808	0.17841079460269865	0.17841079460269865	0.3827825	0.14413583	2325	0.771791523593042	0.771791523593042		angiogenesis, axon_guidance_neurodevelopment	
Pnoc	Adra2a	neighbors->center	0.23320325220335028	0.13081911706653823	0.7257948538076242	0.18040979510244878	0.18040979510244878	0.31078234	0.3056772	598	0.771791523593042	0.771791523593042			
Npy	Npy2r	center->neighbors	0.27577715344433645	0.14535604328706828	0.7119051603368635	0.18240879560219891	0.18240879560219891	1.278862	0.25173658	598	0.771791523593042	0.771791523593042			
Tgfb1	Tgfbr3	neighbors->center	0.0371638879499582	0.017858336604888492	0.6665952329741547	0.1854072963518241	0.1854072963518241	0.12736823	0.11752458	383	0.771791523593042	0.771791523593042	TGFb_signaling, immunosuppression		
Tnc	Egfr	neighbors->center	0.06803420908029105	0.034625798339356355	0.5683803978451779	0.18040979510244878	0.18040979510244878	0.15253823	0.29675382	598	0.771791523593042	0.771791523593042		RTK_MAPK	
Pam	Fap	neighbors->center	0.1479778025445642	0.050800229323664216	0.9367969662217441	0.1904047976011994	0.1904047976011994	0.48984984	0.11534899	866	0.772217339606059	0.772217339606059		ECM_remodeling_fibrosis	
Tgfb1	Itgb1	center->neighbors	0.20178122197835824	0.09564474370187544	0.9258807625064526	0.1904047976011994	0.1904047976011994	0.25948483	0.33843046	2141	0.772217339606059	0.772217339606059	TGFb_signaling, immunosuppression	ECM_integrin_adhesion	
Icam4	Itgav	center->neighbors	0.15053354130271904	0.05555484832670954	0.9085058923080415	0.19490254872563717	0.19490254872563717	0.11752458	0.44763833	2141	0.772217339606059	0.772217339606059		ECM_integrin_adhesion, phagocytosis_efferocytosis	
Vip	Ramp2	center->neighbors	0.3565122175611197	0.18403347424613775	0.8880386127857568	0.1889055472263868	0.1889055472263868	0.37395358	0.7912176	2141	0.772217339606059	0.772217339606059			
Sema4a	Plxnb3	center->neighbors	0.18495139074912387	0.09985095561288307	0.8871187138924748	0.18840579710144928	0.18840579710144928	0.4399857	0.2402768	866	0.772217339606059	0.772217339606059			
Fgfr3	Epha4	center->neighbors	1.0657149309934573	0.8109199578695112	0.8789285587588935	0.19440279860069964	0.19440279860069964	0.9756785	1.1706657	383	0.772217339606059	0.772217339606059		axon_guidance_neurodevelopment	
C1qb	Lrp1	center->neighbors	1.344021635303487	1.1716253725436743	0.8507315087910653	0.19290354822588707	0.19290354822588707	1.8223159	1.1517508	2325	0.772217339606059	0.772217339606059	complement, phagocytosis_efferocytosis	endocytosis, phagocytosis_efferocytosis	phagocytosis_efferocytosis
Mif	Egfr	center->neighbors	0.38680269901219166	0.24937609551554718	0.8497724497480528	0.1924037981009495	0.1924037981009495	2.6836362	0.28354016	866	0.772217339606059	0.772217339606059		RTK_MAPK	
Lamb2	Itga3_Itgb1	neighbors->center	0.14737675251112098	0.0812922254216022	0.7152278780567257	0.1924037981009495	0.1924037981009495	0.46010518	0.11534899	598	0.772217339606059	0.772217339606059		ECM_integrin_adhesion	
Lamb1	Cd44	neighbors->center	0.07358686200499676	0.03485208492095553	0.6229359417227158	0.19090454772613694	0.19090454772613694	0.13971134	0.13432972	2141	0.772217339606059	0.772217339606059			
S100a4	Erbb3	neighbors->center	0.06281914505865518	0.03706844827763375	0.36990930232630354	0.19490254872563717	0.19490254872563717	0.12652822	0.16875878	383	0.772217339606059	0.772217339606059	migration_invasion	RTK_MAPK	
Icam5	Itgb2	neighbors->center	0.27208344529080786	0.10514869267516562	1.0072703103161904	0.2013993003498251	0.2013993003498251	0.897116	0.13432972	866	0.7869540639516307	0.7869540639516307			
Psap	Gpr37	center->neighbors	1.834986400531388	1.2380025028889097	0.9000882302701423	0.20889555222388806	0.20889555222388806	3.0442586	1.1819875	598	0.7869540639516307	0.7869540639516307	autophagy_lysosome		
Selplg	Itgb2	neighbors->center	0.1432595568190605	0.06420494840807223	0.8987339197461695	0.20689655172413793	0.20689655172413793	0.37291008	0.13432972	2141	0.7869540639516307	0.7869540639516307			
Pkm	Cd44	neighbors->center	0.6400008113578017	0.30760661604079864	0.8832178194752542	0.20689655172413793	0.20689655172413793	2.940645	0.13432972	598	0.7869540639516307	0.7869540639516307	glycolysis		
Inhba	Actr2	center->neighbors	0.3884723906527341	0.17281778682849236	0.8772276999589146	0.2013993003498251	0.2013993003498251	0.16242409	1.2080116	383	0.7869540639516307	0.7869540639516307		migration_invasion	
Vip	Adcyap1r1	neighbors->center	0.43027996287515624	0.23033439257024424	0.8165520699790504	0.2063968015992004	0.2063968015992004	0.48421636	0.7810515	2325	0.7869540639516307	0.7869540639516307			
Tnc	Sdc4	center->neighbors	0.3271218066096954	0.16531727148131364	0.7633614994331449	0.20889555222388806	0.20889555222388806	0.11752458	1.0741016	866	0.7869540639516307	0.7869540639516307			
Fgf11	Fgfr2	center->neighbors	0.23534640482664682	0.13377658126138445	0.7585677389296562	0.20689655172413793	0.20689655172413793	0.2586021	0.46749282	2325	0.7869540639516307	0.7869540639516307			
St6gal1	Egfr	center->neighbors	0.08653937097207302	0.050357847357257526	0.7392878597245968	0.20589705147426288	0.20589705147426288	0.13432972	0.28354016	866	0.7869540639516307	0.7869540639516307		RTK_MAPK	
Ptn	Plxnb2	neighbors->center	1.2051797579588788	0.9965931558364702	0.7362710196291324	0.20239880059970014	0.20239880059970014	2.3347297	0.6318546	383	0.7869540639516307	0.7869540639516307			
Efna1	Ephb6	neighbors->center	0.1266545144216376	0.07225077324525594	0.7269825349448151	0.20739630184907545	0.20739630184907545	0.15240905	0.5714968	2141	0.7869540639516307	0.7869540639516307			
Pdgfc	Pdgfra	neighbors->center	0.12477879366729347	0.07576237024755512	0.6910809632165177	0.20589705147426288	0.20589705147426288	0.12716655	0.4282436	383	0.7869540639516307	0.7869540639516307			
Lamb2	Itgav_Itgb8	neighbors->center	0.22862220667409067	0.15396870808657204	0.6893304684622409	0.2048975512243878	0.2048975512243878	0.46010518	0.27758285	598	0.7869540639516307	0.7869540639516307		ECM_integrin_adhesion, phagocytosis_efferocytosis	
Tgfb1	Itgb5	neighbors->center	0.08580649617936642	0.05007834755907901	0.6741962424633869	0.20889555222388806	0.20889555222388806	0.12736823	0.6265082	383	0.7869540639516307	0.7869540639516307	TGFb_signaling, immunosuppression	ECM_integrin_adhesion, phagocytosis_efferocytosis	
Lamc1	Itga6_Itgb4	neighbors->center	0.06602013911034102	0.03107882002955309	0.6008704128155978	0.20689655172413793	0.20689655172413793	0.1694155	0.13432972	383	0.7869540639516307	0.7869540639516307		ECM_integrin_adhesion	
Ngf	Maged1	center->neighbors	0.4846385822099294	0.2189395244722442	0.9576632646934625	0.2158920539730135	0.2158920539730135	0.11534899	1.8553724	866	0.7874919683015635	0.7874919683015635			
Cx3cl1	Cx3cr1	center->neighbors	0.6239207334168881	0.45663428929339717	0.8111801104648899	0.21539230384807595	0.21539230384807595	1.9438246	0.5627333	640	0.7874919683015635	0.7874919683015635	leukocyte_chemotaxis	leukocyte_chemotaxis	leukocyte_chemotaxis
Sparc	Fgfr1	center->neighbors	1.0746216488699782	0.762645098038236	0.7559820268119424	0.2108945527236382	0.2108945527236382	2.0718894	0.81191504	598	0.7874919683015635	0.7874919683015635	ECM_remodeling_fibrosis, EMT		
Lrig2	Egfr	neighbors->center	0.1245761838414412	0.0755147816382273	0.7466524122652037	0.2143928035982009	0.2143928035982009	0.2335141	0.29675382	383	0.7874919683015635	0.7874919683015635		RTK_MAPK	
Sema5b	Plxna1	center->neighbors	0.18692216210590615	0.11147110394588373	0.7116862602936166	0.21339330334832585	0.21339330334832585	0.24967872	0.31118283	2325	0.7874919683015635	0.7874919683015635		axon_guidance_neurodevelopment	
Fgf13	Egfr	center->neighbors	0.23093854546062167	0.15549308054815703	0.6921584082901941	0.21539230384807595	0.21539230384807595	0.95661575	0.28354016	866	0.7874919683015635	0.7874919683015635		RTK_MAPK	
Tgfb1	Itgb1	neighbors->center	0.09352773874572187	0.05471096083255779	0.6724032858198196	0.21139430284857572	0.21139430284857572	0.12736823	0.74433297	383	0.7874919683015635	0.7874919683015635	TGFb_signaling, immunosuppression	ECM_integrin_adhesion	
Pf4	Grm7	neighbors->center	0.06509043297934111	0.036736562914068675	0.6031291713966118	0.2128935532233883	0.2128935532233883	0.18980774	0.11534899	598	0.7874919683015635	0.7874919683015635			
Inhba	Tgfbr3	neighbors->center	0.027747520108459427	0.01682011592426962	0.3164198385714101	0.21189405297351324	0.21189405297351324	0.15688135	0.11752458	118	0.7874919683015635	0.7874919683015635			
Lcn2	Fcgr3	center->neighbors	0.04522166037290813	0.028288494222369568	0.2604851974050718	0.21239380309845077	0.21239380309845077	0.11534899	0.1975482	640	0.7874919683015635	0.7874919683015635	iron_metabolism		
Efna1	Epha10	neighbors->center	0.06140444577200037	0.03582693057045737	0.570705920985986	0.21689155422288856	0.21689155422288856	0.15240905	0.13432972	2141	0.7886341639306929	0.7886341639306929			
Myoc	Fzd3	neighbors->center	0.1369760285927376	0.09467439590054991	0.276548274379254	0.21889055472263869	0.21889055472263869	0.20422864	0.31766716	383	0.7933919475593434	0.7933919475593434			
Csf1	Sirpa	neighbors->center	0.413600276654183	0.28275070005937136	0.7826226413782136	0.21989005497251374	0.21989005497251374	0.2949948	1.5834731	2325	0.7945084061742713	0.7945084061742713		phagocytosis_efferocytosis	
Ngf	Kidins220	center->neighbors	0.36537488598923196	0.1645191704050493	0.9604280919401172	0.22338830584707647	0.22338830584707647	0.11534899	1.1456777	383	0.7959897296860552	0.7959897296860552			
Sema4a	Nrp1_Plxna1	neighbors->center	0.10228143314849988	0.04693790356187223	0.7662116807015759	0.2303848075962019	0.2303848075962019	0.27431065	0.14413583	866	0.7959897296860552	0.7959897296860552		angiogenesis, axon_guidance_neurodevelopment	
Lgi4	Adam22	neighbors->center	0.39547513547572355	0.2963131451135066	0.7461454063005392	0.22988505747126436	0.22988505747126436	0.7036814	0.4121028	866	0.7959897296860552	0.7959897296860552			
Rgmb	Bmpr2	center->neighbors	0.777742711498626	0.6206965659371099	0.7448817281098152	0.2303848075962019	0.2303848075962019	0.6265082	0.94155216	383	0.7959897296860552	0.7959897296860552			
Hras	Cav1	neighbors->center	0.6886807776603684	0.4889563764438258	0.7422293071120947	0.22188905547226387	0.22188905547226387	1.2066352	0.4753187	383	0.7959897296860552	0.7959897296860552		endocytosis	
Mdk	Sdc4	center->neighbors	0.7054389088826225	0.5205965967593545	0.7418450669788393	0.2288855572213893	0.2288855572213893	0.5465483	1.0741016	866	0.7959897296860552	0.7959897296860552			
Selplg	Itgam	neighbors->center	0.19616080064018576	0.12497609312343075	0.6968656985451034	0.22438780609695153	0.22438780609695153	0.37291008	0.2518543	2141	0.7959897296860552	0.7959897296860552		complement	
Lgi4	Adam23	center->neighbors	0.5047548118977956	0.3912354610139155	0.6933271096898727	0.2283858070964518	0.2283858070964518	0.5830372	0.7548647	383	0.7959897296860552	0.7959897296860552			
Ccl25	Adra2a	neighbors->center	0.10542093801974506	0.06744985646026515	0.614972458737227	0.22788605697151423	0.22788605697151423	0.12716655	0.3056772	383	0.7959897296860552	0.7959897296860552			
Lamb1	Itga7_Itgb1	neighbors->center	0.06819006778122452	0.03785390687587783	0.5336644398109534	0.23138430784607697	0.23138430784607697	0.13971134	0.11534899	2141	0.7959897296860552	0.7959897296860552		ECM_integrin_adhesion	
Sema3e	Nrp2	neighbors->center	0.105496247172727	0.061925348009424015	0.51497086523135	0.22338830584707647	0.22338830584707647	0.3827825	0.11534899	2325	0.7959897296860552	0.7959897296860552			
Dlk1	Notch1	center->neighbors	0.13263268717357998	0.08137183116418319	0.452688907770574	0.2303848075962019	0.2303848075962019	0.11752458	0.44873148	2325	0.7959897296860552	0.7959897296860552		NOTCH_signaling, angiogenesis	
Bmp6	Acvr2a_Bmpr1a	center->neighbors	0.0569670492246564	0.031654338664686345	0.43306052134476125	0.22488755622188905	0.22488755622188905	0.11534899	0.15152057	2325	0.7959897296860552	0.7959897296860552			
Tgfa	Erbb3	neighbors->center	0.1595652691353447	0.09899680774483871	0.41552351780028224	0.22338830584707647	0.22338830584707647	0.3682247	0.16875878	640	0.7959897296860552	0.7959897296860552		RTK_MAPK	
Col9a3	Cd44	neighbors->center	0.06388015696284692	0.041144085023805343	0.3013990324843274	0.22988505747126436	0.22988505747126436	0.24454276	0.13432972	383	0.7959897296860552	0.7959897296860552			
Slitrk6	Ptprs	neighbors->center	0.19044726126690092	0.1348648480179542	0.26413215666552325	0.23088455772113944	0.23088455772113944	0.15354414	1.3583828	383	0.7959897296860552	0.7959897296860552			
Sema4d	Met	neighbors->center	0.1658409329261208	0.07967845644393184	0.7126694332626958	0.23238380809595202	0.23238380809595202	0.40043977	0.16242409	866	0.7961063715929646	0.7961063715929646	axon_guidance_neurodevelopment	RTK_MAPK	
Fabp5	Rxra	neighbors->center	0.861539690209685	0.683508327568	0.7053976673904241	0.23438280859570215	0.23438280859570215	2.2543457	0.32437232	383	0.7961063715929646	0.7961063715929646	fatty_acid_lipid		
Efnb3	Ephb3	center->neighbors	0.186870843695457	0.12703921921434147	0.6174390498146258	0.23488255872063968	0.23488255872063968	0.6714564	0.23070157	640	0.7961063715929646	0.7961063715929646			
Bmp7	Bmpr1a_Bmpr2	center->neighbors	0.1787787138930967	0.10814008749509914	0.6107481225243093	0.23438280859570215	0.23438280859570215	0.11752458	0.50305545	598	0.7961063715929646	0.7961063715929646			
Efna1	Epha4	neighbors->center	0.15786258676461956	0.10057042121806638	0.5806728005941856	0.23388305847076463	0.23388305847076463	0.15240905	0.8878322	2141	0.7961063715929646	0.7961063715929646		axon_guidance_neurodevelopment	
Sema3e	Plxnd1	neighbors->center	0.2015508775961345	0.12084961765490122	0.6173684825203879	0.23638180909545228	0.23638180909545228	0.3827825	0.4210262	2325	0.7988314666196313	0.7988314666196313			
Timp3	Met	neighbors->center	0.21036256979620843	0.10059264840425472	0.7527853960125155	0.23888055972013994	0.23888055972013994	0.6747775	0.16242409	2141	0.8002150528234425	0.8002150528234425	ECM_remodeling_fibrosis	RTK_MAPK	
Vip	Ramp1	neighbors->center	0.5685734802937827	0.3321146558431006	0.6678316741310347	0.23788105947026486	0.23788105947026486	0.48421636	1.3637998	2325	0.8002150528234425	0.8002150528234425			
Ado	Adora2a	neighbors->center	0.1644217290872686	0.09596480123756665	0.37592223784378	0.23888055972013994	0.23888055972013994	0.3606272	0.2607777	866	0.8002150528234425	0.8002150528234425		immunosuppression	
Gnai2	Egfr	neighbors->center	0.566914175856648	0.3758263733414294	0.7553596648412922	0.2448775612193903	0.2448775612193903	1.3526193	0.29675382	640	0.8055386592418076	0.8055386592418076		RTK_MAPK	
Apoe	Vldlr	neighbors->center	1.61722430947612	1.3883014624357464	0.6907897704942955	0.24537731134432783	0.24537731134432783	4.5931253	0.57343274	383	0.8055386592418076	0.8055386592418076	fatty_acid_lipid		
Ncam1	Fgfr1	center->neighbors	0.7864460350409179	0.6070754759180472	0.6351085470367414	0.24537731134432783	0.24537731134432783	1.1096685	0.81191504	598	0.8055386592418076	0.8055386592418076	axon_guidance_neurodevelopment, cytotoxic_T_NK		
Thbs3	Itga3_Itgb1	neighbors->center	0.11344538904516896	0.07074286002200271	0.5363147085987784	0.24237881059470265	0.24237881059470265	0.31120992	0.11534899	2141	0.8055386592418076	0.8055386592418076		ECM_integrin_adhesion	
Gdf11	Acvr2a_Tgfbr1	neighbors->center	0.07741437265883269	0.04772640395261274	0.4944823220884429	0.24237881059470265	0.24237881059470265	0.145901	0.14325312	2325	0.8055386592418076	0.8055386592418076		TGFb_signaling	
Rspo3	Sdc4	neighbors->center	0.16876407624624784	0.11717875436471814	0.48622057537580277	0.24437781109445278	0.24437781109445278	0.18190435	0.93945676	640	0.8055386592418076	0.8055386592418076			
Mia	Itgb1	center->neighbors	0.14992594647115426	0.09112502727066604	0.3470065184088618	0.2433783108445777	0.2433783108445777	0.14325312	0.33843046	2141	0.8055386592418076	0.8055386592418076		ECM_integrin_adhesion	
Vip	Ramp1	center->neighbors	0.8219971427994706	0.48056555016107677	0.738419193488893	0.24887556221889057	0.24887556221889057	0.37395358	1.8142968	383	0.8123807414474581	0.8123807414474581			
Hsp90aa1	Egfr	center->neighbors	0.39485324367984803	0.2765187973783775	0.6643064176093175	0.248375812093953	0.248375812093953	2.796508	0.28354016	866	0.8123807414474581	0.8123807414474581	necrosis_DAMP, proteostasis_heat_shock	RTK_MAPK	
Col6a2	Itgav_Itgb8	center->neighbors	0.11186551757775712	0.05872884342271908	0.6348792953586804	0.2518740629685157	0.2518740629685157	0.23287357	0.23464416	866	0.8198393720986532	0.8198393720986532		ECM_integrin_adhesion, phagocytosis_efferocytosis	
Tgfb1	Itgb8	neighbors->center	0.08543714381290594	0.0564506242461698	0.4945741731838685	0.25287356321839083	0.25287356321839083	0.12736823	0.6211262	383	0.8207675823105397	0.8207675823105397	TGFb_signaling, immunosuppression		
Vtn	Itgav_Itgb5	neighbors->center	0.44755181037888686	0.3413656750417589	0.6641039324026424	0.2543728135932034	0.2543728135932034	1.0587213	0.24967872	383	0.8226083587419774	0.8226083587419774	ECM_integrin_adhesion	ECM_integrin_adhesion, phagocytosis_efferocytosis	ECM_integrin_adhesion
Bmp7	Bmpr1b_Bmpr2	center->neighbors	0.05926393042268231	0.03804716933196393	0.4297929783326048	0.25487256371814093	0.25487256371814093	0.11752458	0.1632764	2141	0.8226083587419774	0.8226083587419774			
Sema5a	Met	neighbors->center	0.08755221088605619	0.05177665148354361	0.42276827810120066	0.25787106446776614	0.25787106446776614	0.25066093	0.16242409	2141	0.8246335165750458	0.8246335165750458		RTK_MAPK	
Lamc1	Cd44	neighbors->center	0.06602013911034102	0.04057224484451632	0.3955253684874221	0.25687156421789104	0.25687156421789104	0.1694155	0.13432972	383	0.8246335165750458	0.8246335165750458			
Cthrc1	Fzd6	center->neighbors	0.05970512746468447	0.044432992501487	0.24333803973629486	0.25787106446776614	0.25787106446776614	0.11534899	0.20756125	2141	0.8246335165750458	0.8246335165750458	ECM_remodeling_fibrosis		
Dlk1	Notch4	center->neighbors	0.05242315812016195	0.040749509236439746	0.15525368919947646	0.25837081459270367	0.25837081459270367	0.11752458	0.12652822	383	0.8246335165750458	0.8246335165750458		NOTCH_signaling	
Fn1	Itga9	neighbors->center	0.08336468304556029	0.04467480543099786	0.5726346741011634	0.2613693153423288	0.2613693153423288	0.2111093	0.14413583	383	0.8311810945356051	0.8311810945356051	ECM_integrin_adhesion, ECM_remodeling_fibrosis, EMT		
Tnc	Itga7	neighbors->center	0.04241662042953754	0.03717994277233431	0.07558591725492625	0.26186906546726635	0.26186906546726635	0.15253823	0.11534899	598	0.8311810945356051	0.8311810945356051			
Vcan	Itgb1	center->neighbors	0.25103779454794695	0.1687964981779193	0.5796448118909988	0.26486756621689156	0.26486756621689156	0.40163237	0.33843046	2141	0.8360792131406825	0.8360792131406825	EMT	ECM_integrin_adhesion	
Apoe	Lsr	center->neighbors	0.30336833691462844	0.21148402579948883	0.48108238350086374	0.26486756621689156	0.26486756621689156	4.6564374	0.17937979	2141	0.8360792131406825	0.8360792131406825	fatty_acid_lipid		
Vegfa	Tyro3	center->neighbors	0.6450108081803965	0.48817892090834125	0.7029719755897901	0.2683658170914543	0.2683658170914543	0.72372586	0.71354425	383	0.8425950068444038	0.8425950068444038	angiogenesis, hypoxia	phagocytosis_efferocytosis	
Vtn	Kdr	center->neighbors	0.2484500491740711	0.1879555131020743	0.5066094497283273	0.2698650674662669	0.2698650674662669	1.5673759	0.26527867	2141	0.8425950068444038	0.8425950068444038	ECM_integrin_adhesion	angiogenesis	
App	Gpc1	center->neighbors	1.254806773312524	1.0557002253122802	0.5047535363654416	0.26936531734132935	0.26936531734132935	2.6512914	0.86372006	2325	0.8425950068444038	0.8425950068444038			
Hdc	Hrh3	center->neighbors	0.11464515513308159	0.0825087598178187	0.21356631130703602	0.26936531734132935	0.26936531734132935	0.16242409	0.24656354	2325	0.8425950068444038	0.8425950068444038			
Sema4a	Nrp1_Plxna4	neighbors->center	0.10228143314849988	0.05571313005965232	0.6203590456905449	0.27136431784107945	0.27136431784107945	0.27431065	0.14413583	866	0.8442481461971717	0.8442481461971717		angiogenesis, axon_guidance_neurodevelopment	
Tnc	Ptprb	neighbors->center	0.06388488957024423	0.04890993872652226	0.1954008550492099	0.271864067966017	0.271864067966017	0.15253823	0.2616604	598	0.8442481461971717	0.8442481461971717			
Sptbn2	Ptpra	neighbors->center	1.6717813212974773	1.3931284562260386	0.7631649391405063	0.27586206896551724	0.27586206896551724	2.3457198	1.2210464	640	0.8467726136931535	0.8467726136931535			
Pdgfc	Flt1	neighbors->center	0.1169398272981522	0.08471988546656396	0.4621371332099431	0.27436281859070466	0.27436281859070466	0.12716655	0.3761267	383	0.8467726136931535	0.8467726136931535		angiogenesis	
Tgfb1	Sdc2	neighbors->center	0.07183564613281812	0.05071661683254541	0.3767816611304304	0.27636181909045476	0.27636181909045476	0.12736823	0.43910298	383	0.8467726136931535	0.8467726136931535	TGFb_signaling, immunosuppression		
Rspo3	Lgr4	neighbors->center	0.09188134407728503	0.06659241714229606	0.3699511236370898	0.27586206896551724	0.27586206896551724	0.18190435	0.27846554	640	0.8467726136931535	0.8467726136931535			
Pmch	Mertk	center->neighbors	0.17702199021697362	0.1404115624017149	0.30212946100737226	0.27586206896551724	0.27586206896551724	0.6466886	0.21768928	598	0.8467726136931535	0.8467726136931535		phagocytosis_efferocytosis	
Fgf13	Fgfr3	neighbors->center	0.9931365797103627	0.8406998172890109	0.5929894518628414	0.27886056971514245	0.27886056971514245	1.1712639	0.9756785	598	0.8476476047690441	0.8476476047690441			
Adam9	Itga6	center->neighbors	0.17039092329239458	0.13190939742154184	0.4234560506451747	0.27886056971514245	0.27886056971514245	0.27846554	0.3614514	866	0.8476476047690441	0.8476476047690441		ECM_integrin_adhesion	
Lamb1	Itga6_Itgb1	neighbors->center	0.07358686200499676	0.05022684607106097	0.3532898893424434	0.27886056971514245	0.27886056971514245	0.13971134	0.13432972	2141	0.8476476047690441	0.8476476047690441		ECM_integrin_adhesion	
Gdf11	Bmpr1b	neighbors->center	0.10776206213554625	0.08410596237401055	0.2511770875224127	0.280359820089955	0.280359820089955	0.145901	0.27758285	2325	0.8499562883465919	0.8499562883465919			
Gnas	Adcy9	neighbors->center	0.6240112200701736	0.360921568999968	0.7271480430188795	0.28535732133933034	0.28535732133933034	3.360874	0.11752458	2325	0.8516248369321832	0.8516248369321832			
Efnb2	Ephb1	neighbors->center	0.21575608607396396	0.15073043549020132	0.5256175921496595	0.28535732133933034	0.28535732133933034	0.1962602	0.5547539	866	0.8516248369321832	0.8516248369321832			
Pdgfb	Lrp1	neighbors->center	0.4792489732691527	0.3849799038622907	0.5184302904685929	0.2848575712143928	0.2848575712143928	0.34752375	1.4117168	2325	0.8516248369321832	0.8516248369321832	angiogenesis	endocytosis, phagocytosis_efferocytosis	
Selplg	Esam	neighbors->center	0.24430211503709223	0.19063176041645516	0.46743843775008037	0.2848575712143928	0.2848575712143928	0.37291008	0.3906424	2141	0.8516248369321832	0.8516248369321832			
C4b	Nrp1	neighbors->center	0.11488452000022856	0.08412553424025651	0.28108882840871297	0.2848575712143928	0.2848575712143928	0.3987484	0.14413583	866	0.8516248369321832	0.8516248369321832	complement	angiogenesis, axon_guidance_neurodevelopment	
Tgfb2	Tgfbr3	neighbors->center	0.06889670004542747	0.05510023270875425	0.15656908167672753	0.28335832083958024	0.28335832083958024	0.13882287	0.11752458	2325	0.8516248369321832	0.8516248369321832	TGFb_signaling		
Vtn	Itgav_Itgb8	neighbors->center	0.4718987931336211	0.3788809319369257	0.5428143928050899	0.29035482258870565	0.29035482258870565	1.0587213	0.27758285	383	0.8526628645476256	0.8526628645476256	ECM_integrin_adhesion	ECM_integrin_adhesion, phagocytosis_efferocytosis	ECM_integrin_adhesion
Col5a1	Sdc3	center->neighbors	0.19092030578440528	0.10350614828654278	0.5284360610819012	0.2888555722138931	0.2888555722138931	0.11752458	0.5602467	2325	0.8526628645476256	0.8526628645476256	ECM_remodeling_fibrosis, EMT		
Cd14	Itgb1	center->neighbors	0.1357966689099123	0.07614339278200548	0.5223894189580188	0.2908545727136432	0.2908545727136432	0.11752458	0.33843046	2141	0.8526628645476256	0.8526628645476256		ECM_integrin_adhesion	
Ptn	Ptprb	neighbors->center	0.7755543903778891	0.6166443353985607	0.513556825377381	0.29535232383808097	0.29535232383808097	2.3347297	0.2616604	383	0.8526628645476256	0.8526628645476256			
Vip	Adcyap1r1	center->neighbors	0.44365411452732684	0.2960026147156908	0.5091679078917482	0.29535232383808097	0.29535232383808097	0.37395358	0.8440474	598	0.8526628645476256	0.8526628645476256			
Fgf13	Fgfr2	neighbors->center	0.6482103747936034	0.5298126411960142	0.5080717638451552	0.2943528235882059	0.2943528235882059	1.1712639	0.41564324	598	0.8526628645476256	0.8526628645476256			
Adam17	Itgb1	center->neighbors	0.21807680339041355	0.16035261401558587	0.385722912239711	0.29535232383808097	0.29535232383808097	0.3030885	0.33843046	2141	0.8526628645476256	0.8526628645476256		ECM_integrin_adhesion	
Dll3	Notch3	center->neighbors	0.05541613058505302	0.037859827555695745	0.37251668302461055	0.2868565717141429	0.2868565717141429	0.21440534	0.13922592	153	0.8526628645476256	0.8526628645476256	NOTCH_signaling	NOTCH_signaling	NOTCH_signaling
Rspo3	Znrf3	neighbors->center	0.06610397726000139	0.04759391438315765	0.332803780890851	0.29035482258870565	0.29035482258870565	0.18190435	0.14413583	640	0.8526628645476256	0.8526628645476256			
Fgf9	Fgfr2	neighbors->center	0.23693079600012584	0.18947881853842816	0.32866013490898544	0.29485257371314344	0.29485257371314344	0.2934971	0.41564324	2325	0.8526628645476256	0.8526628645476256			
Pros1	Axl	neighbors->center	0.09767378498101623	0.07695966435034361	0.2846914131958714	0.2938530734632684	0.2938530734632684	0.149201	0.22188362	598	0.8526628645476256	0.8526628645476256	phagocytosis_efferocytosis	phagocytosis_efferocytosis	phagocytosis_efferocytosis
Lamb1	Itga3_Itgb1	neighbors->center	0.06819006778122452	0.0519037956140018	0.23817110917650056	0.2943528235882059	0.2943528235882059	0.13971134	0.11534899	2141	0.8526628645476256	0.8526628645476256		ECM_integrin_adhesion	
Tnc	Sdc4	neighbors->center	0.12105076774835938	0.10190339278638091	0.13444016689591304	0.28785607196401797	0.28785607196401797	0.15253823	0.93945676	598	0.8526628645476256	0.8526628645476256			
Rtn4	Gjb2	neighbors->center	0.5075560962319039	0.3032148403612151	0.5840852467279205	0.30184907546226886	0.30184907546226886	2.2058268	0.11534899	866	0.8556898021577447	0.8556898021577447			
Shank1	Sstr2	neighbors->center	0.5245592024702387	0.3543461231848582	0.5714209586673273	0.2988505747126437	0.2988505747126437	2.1917713	0.13432972	383	0.8556898021577447	0.8556898021577447			
Vegfa	Grin2b	center->neighbors	0.7755758987817616	0.6540953218671287	0.5676021543841523	0.2978510744627686	0.2978510744627686	0.72372586	1.1323713	383	0.8556898021577447	0.8556898021577447	angiogenesis, hypoxia	synaptic_neurotransmission	
Bsg	Slc16a7	neighbors->center	0.9549170393798346	0.7558944143482035	0.5553430130087533	0.3028485757121439	0.3028485757121439	3.2056751	0.27846554	2141	0.8556898021577447	0.8556898021577447			
Cx3cl1	Cx3cr1	neighbors->center	0.859608117892363	0.7149514677265728	0.5342415668227195	0.303848075962019	0.303848075962019	1.5861813	0.45870206	640	0.8556898021577447	0.8556898021577447	leukocyte_chemotaxis	leukocyte_chemotaxis	leukocyte_chemotaxis
Trf	Tfrc	center->neighbors	1.03151588068217	0.8747327749646703	0.47494758417366867	0.3028485757121439	0.3028485757121439	1.9621592	0.75009716	640	0.8556898021577447	0.8556898021577447		endocytosis, ferroptosis, iron_metabolism	
Adam10	Trem2	center->neighbors	0.30559385723242644	0.24909680653016486	0.46421240305296274	0.2993503248375812	0.2993503248375812	0.5309922	0.49203762	383	0.8556898021577447	0.8556898021577447	NOTCH_signaling		
Rgmb	Bmpr1b	center->neighbors	0.15001939988578997	0.11545325611030896	0.43536718423287213	0.30334832583708143	0.30334832583708143	0.6265082	0.27109045	2141	0.8556898021577447	0.8556898021577447			
Frs3	Fgfr1	center->neighbors	0.31772731480705557	0.25953330169903377	0.3373666259270376	0.3023488255872064	0.3023488255872064	0.1811192	0.81191504	598	0.8556898021577447	0.8556898021577447			
Myoc	Fzd3	center->neighbors	0.20370026610317302	0.13918048313405262	0.30001995510790264	0.29985007496251875	0.29985007496251875	0.2607777	0.5606178	2141	0.8556898021577447	0.8556898021577447			
Ptn	Ptprs	center->neighbors	1.92446047247012	1.765770786855774	0.5094398823930009	0.3058470764617691	0.3058470764617691	2.2590654	1.6369756	2141	0.8571177825721286	0.8571177825721286			
Gas6	Mertk	center->neighbors	0.17313094260219591	0.13574742864169	0.41366864265426034	0.3053473263368316	0.3053473263368316	0.6185718	0.21768928	598	0.8571177825721286	0.8571177825721286	phagocytosis_efferocytosis	phagocytosis_efferocytosis	phagocytosis_efferocytosis
Fgf9	Fgfr3	neighbors->center	0.36300659679334857	0.2901379766774791	0.4093405291084963	0.3078460769615192	0.3078460769615192	0.2934971	0.9756785	2325	0.8585318990989942	0.8585318990989942			
Vegfa	Nrp1	center->neighbors	0.11482367392983346	0.08949404749685007	0.33534215947004636	0.3073463268365817	0.3073463268365817	0.72372586	0.2508626	2141	0.8585318990989942	0.8585318990989942	angiogenesis, hypoxia	angiogenesis, axon_guidance_neurodevelopment	angiogenesis
Inhba	Actr2	neighbors->center	0.10166012252092553	0.09045481135583779	0.08156358242018712	0.3103448275862069	0.3103448275862069	0.15688135	1.5775445	118	0.8634048593136846	0.8634048593136846		migration_invasion	
Gnas	Adcy1	neighbors->center	2.6551992721285993	2.2636678943590844	0.7222406735790645	0.31134432783608196	0.31134432783608196	3.360874	2.127836	2325	0.8640933156610101	0.8640933156610101			
Bmp2	Acvr2a_Bmpr1a	neighbors->center	0.04435722735154171	0.03473301372846719	0.21588609999455022	0.31334332833583206	0.31334332833583206	0.19339462	0.27758285	1092	0.8675457451996893	0.8675457451996893	TGFb_signaling		
Sptbn2	Ptpra	center->neighbors	1.5838039482315052	1.353931426379378	0.6800558763580106	0.3193403298350825	0.3193403298350825	2.5229764	1.1769942	640	0.8705383546758731	0.8705383546758731			
Ngf	Sort1	center->neighbors	0.3043834369603496	0.17170894687640914	0.5906016582718912	0.32983508245877063	0.32983508245877063	0.11534899	0.9603272	866	0.8705383546758731	0.8705383546758731			
Csf1	Sirpa	center->neighbors	0.6014687637359656	0.47080637571901945	0.500803288207374	0.32283858070964516	0.32283858070964516	0.39381456	1.0801417	640	0.8705383546758731	0.8705383546758731		phagocytosis_efferocytosis	
Nid1	Itgav	center->neighbors	0.16670741144380818	0.1035947511066742	0.4722006114618601	0.3173413293353323	0.3173413293353323	0.14413583	0.44763833	2141	0.8705383546758731	0.8705383546758731		ECM_integrin_adhesion, phagocytosis_efferocytosis	
Sparc	Fgfr1	neighbors->center	1.199566923545091	1.0040740944378752	0.4681430532571848	0.32033983008495753	0.32033983008495753	1.849737	0.7876405	383	0.8705383546758731	0.8705383546758731	ECM_remodeling_fibrosis, EMT		
Rgmb	Bmpr1b	neighbors->center	0.2254759398626101	0.17007342374942058	0.44848326362149443	0.3233383308345827	0.3233383308345827	0.36941344	0.27758285	2141	0.8705383546758731	0.8705383546758731			
Arf1	Chrm3	center->neighbors	0.5643053851341409	0.4368863326547812	0.44448973114511897	0.31784107946026985	0.31784107946026985	1.9552113	0.47076592	598	0.8705383546758731	0.8705383546758731	secretion_exocytosis		
A2m	Lrp1	center->neighbors	0.3779900787542051	0.23803894252091617	0.439180889147414	0.32033983008495753	0.32033983008495753	0.14413583	1.1517508	2325	0.8705383546758731	0.8705383546758731		endocytosis, phagocytosis_efferocytosis	
Gad1	Grm4	neighbors->center	0.4392465247517987	0.3314496801996186	0.43881374249381633	0.3293353323338331	0.3293353323338331	1.0644205	0.20231815	2325	0.8705383546758731	0.8705383546758731	synaptic_neurotransmission		
Tgfb3	Eng	center->neighbors	0.11810422300960463	0.08253124299712933	0.43634431398514145	0.32733633183408295	0.32733633183408295	0.11534899	0.2871947	2141	0.8705383546758731	0.8705383546758731	TGFb_signaling	angiogenesis	
Tnc	Ptprz1	center->neighbors	0.35078838636809995	0.23074315552564878	0.42653285319688655	0.33033483258370816	0.33033483258370816	0.11752458	1.5226748	2141	0.8705383546758731	0.8705383546758731			
Cxcl12	Itgav	neighbors->center	0.5095101960812747	0.4308129662031395	0.41484155672578604	0.3248375812093953	0.3248375812093953	0.69245565	0.53280056	383	0.8705383546758731	0.8705383546758731	leukocyte_chemotaxis	ECM_integrin_adhesion, phagocytosis_efferocytosis	
Cntn1	Notch1	center->neighbors	0.39331381243902064	0.3248337471609592	0.40112444018537907	0.3173413293353323	0.3173413293353323	1.0334892	0.44873148	2325	0.8705383546758731	0.8705383546758731		NOTCH_signaling, angiogenesis	
Nid1	Itgb1	center->neighbors	0.15038715554151683	0.098471732858252	0.3902310698942775	0.31784107946026985	0.31784107946026985	0.14413583	0.33843046	2141	0.8705383546758731	0.8705383546758731		ECM_integrin_adhesion	
Pdgfb	Itgav	neighbors->center	0.2944216466982188	0.24502780936267574	0.37850442114507366	0.3288355822088955	0.3288355822088955	0.34752375	0.53280056	2325	0.8705383546758731	0.8705383546758731	angiogenesis	ECM_integrin_adhesion, phagocytosis_efferocytosis	
Pros1	Tyro3	neighbors->center	0.13033858430861178	0.10550202866963541	0.26817781019981274	0.3218390804597701	0.3218390804597701	0.149201	0.39510742	598	0.8705383546758731	0.8705383546758731	phagocytosis_efferocytosis	phagocytosis_efferocytosis	phagocytosis_efferocytosis
Sema5a	Plxnb3	center->neighbors	0.17100366683142523	0.13539564663002215	0.26586324192711297	0.32983508245877063	0.32983508245877063	0.3761267	0.2402768	866	0.8705383546758731	0.8705383546758731			
Rspo3	Lrp6	neighbors->center	0.08738085424846681	0.0700939588193145	0.23872142552468414	0.32733633183408295	0.32733633183408295	0.18190435	0.2518543	640	0.8705383546758731	0.8705383546758731		WNT_signaling	
C4b	Nrp1	center->neighbors	0.07697619310663838	0.06438174932844061	0.1689178859591687	0.3278360819590205	0.3278360819590205	0.32525507	0.2508626	2141	0.8705383546758731	0.8705383546758731	complement	angiogenesis, axon_guidance_neurodevelopment	
Jam3	Itgb1	neighbors->center	0.404061031506147	0.36170346699438305	0.15986813541565986	0.3268365817091454	0.3268365817091454	0.45434347	0.74433297	598	0.8705383546758731	0.8705383546758731		ECM_integrin_adhesion	
Sema4d	Plxnb3	center->neighbors	0.17899508468721834	0.1762037497729989	0.01292770029064407	0.32233883058470764	0.32233883058470764	0.4121028	0.2402768	866	0.8705383546758731	0.8705383546758731	axon_guidance_neurodevelopment		
Sema3e	Nrp2	center->neighbors	0.06797525232030786	0.062464487059483216	0.06119272035531962	0.3328335832083958	0.3328335832083958	0.13432972	0.18028286	383	0.8751162176348897	0.8751162176348897			
Dlk2	Notch1	center->neighbors	0.14179870784875195	0.11345331934635007	0.35950223620117594	0.3343328335832084	0.3343328335832084	0.13432972	0.44873148	2325	0.8756746626686657	0.8756746626686657		NOTCH_signaling, angiogenesis	
Fn1	Cd44	neighbors->center	0.08047892560461628	0.05781108959855063	0.2827735892505084	0.33483258370814595	0.33483258370814595	0.2111093	0.13432972	383	0.8756746626686657	0.8756746626686657	ECM_integrin_adhesion, ECM_remodeling_fibrosis, EMT		
Col4a2	Cd44	neighbors->center	0.07358686200499676	0.05376824860625308	0.2655033539917079	0.3353323338330835	0.3353323338330835	0.13971134	0.13432972	2141	0.8756746626686657	0.8756746626686657	ECM_integrin_adhesion		
Lamc1	Itga7_Itgb1	neighbors->center	0.06117827893116043	0.046902483528179925	0.23192561680110602	0.3363318340829585	0.3363318340829585	0.1694155	0.11534899	383	0.8762931459440348	0.8762931459440348		ECM_integrin_adhesion	
Gnai2	Cnr1	neighbors->center	1.1325185626841998	0.9518694853948317	0.4614581081059926	0.3503248375812094	0.3503248375812094	1.3526193	1.1842744	640	0.8852448775612194	0.8852448775612194			
App	Tspan12	neighbors->center	0.9432895147147681	0.7862676978744055	0.44260774273049236	0.34632683658170915	0.34632683658170915	2.6244867	0.3394082	640	0.8852448775612194	0.8852448775612194			
Spon1	App	center->neighbors	1.6026466272801059	1.435260917151254	0.419972487667882	0.35082458770614694	0.35082458770614694	0.9797333	2.6244867	640	0.8852448775612194	0.8852448775612194			
Col4a1	Itga3_Itgb1	neighbors->center	0.11785860026210225	0.089220057172547	0.3301372793823134	0.34782608695652173	0.34782608695652173	0.36406046	0.11534899	2141	0.8852448775612194	0.8852448775612194	ECM_integrin_adhesion	ECM_integrin_adhesion	ECM_integrin_adhesion
Bmp7	Eng	center->neighbors	0.11921280044376384	0.08939451079264141	0.31749582470407406	0.34632683658170915	0.34632683658170915	0.11752458	0.2871947	2141	0.8852448775612194	0.8852448775612194		angiogenesis	
Grn	Egfr	center->neighbors	0.15242341144779484	0.1262576752634243	0.3015975038230429	0.34632683658170915	0.34632683658170915	0.4167235	0.28354016	866	0.8852448775612194	0.8852448775612194	autophagy_lysosome	RTK_MAPK	
Timp3	Cd44	neighbors->center	0.19130631767179718	0.14096198161521642	0.253246815195485	0.3428285857071464	0.3428285857071464	0.6747775	0.13432972	2141	0.8852448775612194	0.8852448775612194	ECM_remodeling_fibrosis		
Ngf	Sorcs2	center->neighbors	0.07843577901756316	0.0593642561024088	0.23080014282813519	0.35132433783108447	0.35132433783108447	0.11534899	0.23364471	866	0.8852448775612194	0.8852448775612194			
Fgf1	Cd44	neighbors->center	0.12284254503772654	0.09473358299956637	0.21406978497498846	0.344327836081959	0.344327836081959	0.37283048	0.13432972	598	0.8852448775612194	0.8852448775612194			
Agt	Adra2a	neighbors->center	0.4866743989845537	0.4123837396460171	0.20487451170713109	0.34782608695652173	0.34782608695652173	1.0166167	0.3056772	383	0.8852448775612194	0.8852448775612194			
Hbegf	Cd82	center->neighbors	0.14775956450175806	0.1266033736217839	0.15868658302750474	0.34782608695652173	0.34782608695652173	0.46522698	0.16556358	866	0.8852448775612194	0.8852448775612194			
Vegfa	Nrp2	center->neighbors	0.15777995085216373	0.13947298600565872	0.12726760253942157	0.34182908545727136	0.34182908545727136	0.72372586	0.18028286	383	0.8852448775612194	0.8852448775612194	angiogenesis, hypoxia		
Bmp7	Acvr2a_Bmpr1a	center->neighbors	0.05750176928957988	0.04954595602664314	0.11926503521289153	0.35132433783108447	0.35132433783108447	0.11752458	0.15152057	2325	0.8852448775612194	0.8852448775612194			
Rspo2	Lgr4	center->neighbors	0.05512764949293088	0.04768957152240374	0.10432686456276194	0.3488255872063968	0.3488255872063968	0.16875878	0.17016165	1092	0.8852448775612194	0.8852448775612194			
Col9a3	Itga3_Itgb1	neighbors->center	0.059195243912528915	0.06075986128243019	-0.016459610959106755	0.3503248375812094	0.3503248375812094	0.24454276	0.11534899	383	0.8852448775612194	0.8852448775612194		ECM_integrin_adhesion	
Apoe	Sorl1	neighbors->center	2.1265938726113767	1.9882634324379465	0.38598814701550066	0.35582208895552225	0.35582208895552225	4.5931253	0.9915419	383	0.8923914666043602	0.8923914666043602	fatty_acid_lipid		
Psen1	Notch3	center->neighbors	0.1081767076746884	0.09176976292182461	0.22478692712454643	0.3583208395802099	0.3583208395802099	0.8170163	0.13922592	153	0.8923914666043602	0.8923914666043602		NOTCH_signaling	
Efnb3	Ephb1	neighbors->center	0.527235058267517	0.48185764751176513	0.13465651689286495	0.3588205897051474	0.3588205897051474	0.7352239	0.5547539	866	0.8923914666043602	0.8923914666043602			
Penk	Adra2a	neighbors->center	0.30721453538781246	0.28547506396493577	0.08101043818391707	0.35732133933033483	0.35732133933033483	0.58499354	0.3056772	2325	0.8923914666043602	0.8923914666043602			
Ngf	Sorcs3	center->neighbors	0.06733844831944243	0.06215407030370833	0.057363292720457204	0.3588205897051474	0.3588205897051474	0.11534899	0.2525315	2456	0.8923914666043602	0.8923914666043602			
Sema3d	Plxnd1	center->neighbors	0.0650994309932756	0.07244924473677775	-0.06756240768821843	0.35782108945527236	0.35782108945527236	0.11534899	0.23467435	1092	0.8923914666043602	0.8923914666043602			
Gnai2	F2r	center->neighbors	0.21174542254762052	0.19807442620001037	0.0681627531195109	0.3598200899550225	0.3598200899550225	1.6791936	0.15354414	383	0.8929444564974532	0.8929444564974532		coagulation_wound	
Gnai2	Adcy9	neighbors->center	0.3567660399556319	0.23208837988996964	0.5319312342781984	0.37181409295352325	0.37181409295352325	1.3526193	0.11752458	640	0.8944015646497738	0.8944015646497738			
Psap	Sort1	neighbors->center	2.298658285333483	2.1525849582181693	0.4368143798131811	0.37381309345327335	0.37381309345327335	3.0189118	1.753749	383	0.8944015646497738	0.8944015646497738	autophagy_lysosome		
Sptan1	Ptpra	neighbors->center	1.6422272430106781	1.5485066230253637	0.41883168098550355	0.3658170914542729	0.3658170914542729	2.2399704	1.2210464	640	0.8944015646497738	0.8944015646497738			
Arf1	Insr	neighbors->center	0.7298977135178466	0.6238873049745468	0.3893933866415956	0.3698150924537731	0.3698150924537731	1.9120852	0.28410777	383	0.8944015646497738	0.8944015646497738	secretion_exocytosis		
Sst	Adra2a	neighbors->center	0.6444171670642159	0.5244155463395697	0.3384781726554453	0.37181409295352325	0.37181409295352325	1.530266	0.3056772	2141	0.8944015646497738	0.8944015646497738			
Vegfb	Ret	neighbors->center	0.36981576817185197	0.28348733286151717	0.3178986505707856	0.36931534232883556	0.36931534232883556	1.0168244	0.14413583	2325	0.8944015646497738	0.8944015646497738			
Fgf12	Fgfr2	center->neighbors	0.4606994012817357	0.4011658687648964	0.2519558977798507	0.3748125937031484	0.3748125937031484	0.9909511	0.46749282	2325	0.8944015646497738	0.8944015646497738			
Vwf	Lrp1	center->neighbors	0.608734150742466	0.5294015452445768	0.2512779707602537	0.3773113443278361	0.3773113443278361	0.3738234	1.1517508	2325	0.8944015646497738	0.8944015646497738	coagulation_wound	endocytosis, phagocytosis_efferocytosis	
Efnb2	Ephb2	neighbors->center	0.109638957232541	0.08622670219127762	0.24900746034042875	0.3658170914542729	0.3658170914542729	0.1962602	0.14325312	866	0.8944015646497738	0.8944015646497738		axon_guidance_neurodevelopment	
Efnb2	Pecam1	neighbors->center	0.13379314429326572	0.10760283827064379	0.24880828998808932	0.36481759120439783	0.36481759120439783	0.1962602	0.21332511	866	0.8944015646497738	0.8944015646497738		angiogenesis	
Adam15	Itga9	neighbors->center	0.134090827618648	0.10085747223882181	0.2441861103831609	0.375312343828086	0.375312343828086	0.36241612	0.14413583	2141	0.8944015646497738	0.8944015646497738			
Pomc	Adcyap1r1	center->neighbors	0.3501029467796412	0.2977338302641082	0.22297234191633497	0.37381309345327335	0.37381309345327335	0.23287357	0.8440474	598	0.8944015646497738	0.8944015646497738			
Cspg4	Itga3_Itgb1	neighbors->center	0.07427031360737443	0.061071919813289424	0.20863335068528321	0.37831084457771114	0.37831084457771114	0.20831956	0.11534899	866	0.8944015646497738	0.8944015646497738		ECM_integrin_adhesion	
Fgf9	Fgfr1	center->neighbors	0.2535590921718987	0.2287665840860466	0.1740535921268321	0.37381309345327335	0.37381309345327335	0.11534899	0.81191504	598	0.8944015646497738	0.8944015646497738			
Itgb3bp	Itgb5	neighbors->center	0.13733220907305957	0.1247089577096348	0.14491318290103397	0.3778110944527736	0.3778110944527736	0.16833599	0.6265082	2325	0.8944015646497738	0.8944015646497738		ECM_integrin_adhesion, phagocytosis_efferocytosis	
Dcn	Erbb4	center->neighbors	0.1291048758480445	0.11455280593326099	0.10817865899229168	0.37681159420289856	0.37681159420289856	0.44088963	0.13110915	866	0.8944015646497738	0.8944015646497738			
Lpl	Vldlr	neighbors->center	0.1529854660184734	0.1422187714782309	0.08009478297531358	0.36731634182908546	0.36731634182908546	0.21822107	0.57343274	866	0.8944015646497738	0.8944015646497738	fatty_acid_lipid		
Bmp2	Bmpr1b_Bmpr2	neighbors->center	0.03186545344087448	0.030497121392646664	0.03165881510470714	0.3733133433283358	0.3733133433283358	0.19339462	0.14325312	1092	0.8944015646497738	0.8944015646497738	TGFb_signaling		
Fgf1	Fgfr2	center->neighbors	0.3389020399254261	0.33469567400779177	0.01426950468476665	0.3728135932033983	0.3728135932033983	0.5362475	0.46749282	2325	0.8944015646497738	0.8944015646497738			
Adam10	Met	neighbors->center	0.12055807045743726	0.11851007055714823	0.011641781753021357	0.36731634182908546	0.36731634182908546	0.3633795	0.16242409	383	0.8944015646497738	0.8944015646497738	NOTCH_signaling	RTK_MAPK	
Sema3e	Nrp1	center->neighbors	0.0494686940865251	0.04947308066820771	-6.595623985339206e-05	0.36481759120439783	0.36481759120439783	0.13432972	0.2508626	2141	0.8944015646497738	0.8944015646497738		angiogenesis, axon_guidance_neurodevelopment	
Tnc	Ptprz1	neighbors->center	0.12128349307674298	0.1304593557437318	-0.051645338750841846	0.36431784107946025	0.36431784107946025	0.15253823	0.94307244	598	0.8944015646497738	0.8944015646497738			
Nid1	Itga3	center->neighbors	0.030233435991529473	0.04035425361155802	-0.16465410429841412	0.3748125937031484	0.3748125937031484	0.14413583	0.14993383	923	0.8944015646497738	0.8944015646497738		ECM_integrin_adhesion	
Slit1	Robo2	center->neighbors	0.34747816137538245	0.28160737577011336	0.30522846465507536	0.38330834582708645	0.38330834582708645	0.9215174	0.28576523	2325	0.9003378635225997	0.9003378635225997	axon_guidance_neurodevelopment	axon_guidance_neurodevelopment	axon_guidance_neurodevelopment
Mfge8	Itgav	neighbors->center	0.9442745064973184	0.8516228589550151	0.3024167079367103	0.3843078460769615	0.3843078460769615	1.7838944	0.53280056	383	0.9003378635225997	0.9003378635225997	phagocytosis_efferocytosis	ECM_integrin_adhesion, phagocytosis_efferocytosis	phagocytosis_efferocytosis
Apoe	Lrp6	neighbors->center	1.0717752011475972	0.9547699545785624	0.30194213936386316	0.3843078460769615	0.3843078460769615	4.5931253	0.2518543	383	0.9003378635225997	0.9003378635225997	fatty_acid_lipid	WNT_signaling	
B2m	Tfrc	center->neighbors	0.9128112224050248	0.8557534009554824	0.27565310187630393	0.38630684657671166	0.38630684657671166	1.5365417	0.75009716	640	0.9003378635225997	0.9003378635225997	antigen_presentation_MHCI	endocytosis, ferroptosis, iron_metabolism	
Txlna	Stx1a	neighbors->center	0.35387830562667844	0.321309146654436	0.17698692854083034	0.3823088455772114	0.3823088455772114	0.38222212	0.7994514	2325	0.9003378635225997	0.9003378635225997		synaptic_neurotransmission	
Mfge8	Pdgfrb	center->neighbors	0.22126918122992528	0.2004293618581585	0.15711681470568767	0.38630684657671166	0.38630684657671166	1.681802	0.1576658	2141	0.9003378635225997	0.9003378635225997	phagocytosis_efferocytosis	ECM_remodeling_fibrosis, angiogenesis	
Lamb1	Dag1	neighbors->center	0.17585355886706283	0.1604353701947915	0.12049310071053236	0.38630684657671166	0.38630684657671166	0.13971134	0.7671386	2141	0.9003378635225997	0.9003378635225997			
Vegfb	Nrp1	neighbors->center	0.36981576817185197	0.28334148996604336	0.3711231853736412	0.38780609695152424	0.38780609695152424	1.0168244	0.14413583	2325	0.9020024400755088	0.9020024400755088		angiogenesis, axon_guidance_neurodevelopment	
Txlna	Stx4a	neighbors->center	0.3016436764654044	0.277444680257332	0.1802548474525452	0.3888055972013993	0.3888055972013993	0.38222212	0.58086157	2325	0.9025002650190057	0.9025002650190057			
Txlna	Stx3	neighbors->center	0.13442027828740816	0.1164594629833301	0.2011535343438393	0.3918040979510245	0.3918040979510245	0.38222212	0.11534899	2325	0.905134782006587	0.905134782006587			
Apoe	Lrp4	center->neighbors	0.2029815120915331	0.1901114467300658	0.07410196541987572	0.392303848075962	0.392303848075962	4.6564374	0.18876137	1092	0.905134782006587	0.905134782006587	fatty_acid_lipid		
Dlk1	Notch3	center->neighbors	0.04102822736431434	0.05898614194777221	-0.1938001743680898	0.39080459770114945	0.39080459770114945	0.11752458	0.13922592	153	0.905134782006587	0.905134782006587		NOTCH_signaling	
App	Ncstn	center->neighbors	1.08938050317496	1.009263736433953	0.29711127995230746	0.39480259870064965	0.39480259870064965	2.6512914	0.5713415	383	0.9054454808523881	0.9054454808523881			
Efnb3	Epha4	center->neighbors	0.8840902419537965	0.8306149189913535	0.19328646449022352	0.39430284857571213	0.39430284857571213	0.6714564	1.1706657	383	0.9054454808523881	0.9054454808523881		axon_guidance_neurodevelopment	
Ncam1	Fgfr1	neighbors->center	0.8387478899378166	0.7870393819555406	0.1905362921682242	0.39480259870064965	0.39480259870064965	1.1433457	0.7876405	2141	0.9054454808523881	0.9054454808523881	axon_guidance_neurodevelopment, cytotoxic_T_NK		
Serping1	Lrp1	center->neighbors	0.34131766986893447	0.24807231518945153	0.3246830548282621	0.4027986006996502	0.4027986006996502	0.11752458	1.1517508	2325	0.9089898447002913	0.9089898447002913		endocytosis, phagocytosis_efferocytosis	
Ptn	Sdc2	neighbors->center	1.0046769827755284	0.9162228144250983	0.30706765979206513	0.4192903548225887	0.4192903548225887	2.3347297	0.43910298	383	0.9089898447002913	0.9089898447002913			
App	Adra2a	neighbors->center	0.8951902997186093	0.7835613186474889	0.276558151118159	0.4077961019490255	0.4077961019490255	2.6244867	0.3056772	640	0.9089898447002913	0.9089898447002913			
Tnc	Cntn1	center->neighbors	0.37249708340628523	0.2807943718777194	0.26769694368621216	0.4002998500749625	0.4002998500749625	0.11752458	1.366444	383	0.9089898447002913	0.9089898447002913			
Ptdss1	Scarb1	neighbors->center	0.2767018061930377	0.2361154316197952	0.2655696882284456	0.4172913543228386	0.4172913543228386	0.6487669	0.25948483	598	0.9089898447002913	0.9089898447002913			
Ncan	Sdc3	neighbors->center	0.7865091679425266	0.7254178455414698	0.2576534989037183	0.41529235382308843	0.41529235382308843	0.9421048	0.9046156	598	0.9089898447002913	0.9089898447002913			
Apoe	Sdc2	neighbors->center	1.4151817287958721	1.3061757356369346	0.25671542824308574	0.4097951024487756	0.4097951024487756	4.5931253	0.43910298	383	0.9089898447002913	0.9089898447002913	fatty_acid_lipid		
Fgf1	Egfr	neighbors->center	0.1825832392155865	0.15612220659482015	0.19843653300872152	0.39930034982508744	0.39930034982508744	0.37283048	0.29675382	598	0.9089898447002913	0.9089898447002913		RTK_MAPK	
Il18	Il1rapl1	neighbors->center	0.18455418306590007	0.1646806493152782	0.18918523307306717	0.41329335332333833	0.41329335332333833	0.53920317	0.11534899	2141	0.9089898447002913	0.9089898447002913	pyroptosis_inflammasome		
Fgf13	Fgfr2	center->neighbors	0.4526476745925865	0.4122684555459814	0.17116839708304607	0.4032983508245877	0.4032983508245877	0.95661575	0.46749282	2325	0.9089898447002913	0.9089898447002913			
Fabp5	Rxra	center->neighbors	0.46835016556896386	0.4355619031782995	0.1685450127820229	0.40679660169915044	0.40679660169915044	2.1481931	0.30490646	2325	0.9089898447002913	0.9089898447002913	fatty_acid_lipid		
Npy	Adra2a	neighbors->center	0.3951531803497554	0.36005905969423635	0.1276795000826387	0.4172913543228386	0.4172913543228386	0.7758242	0.3056772	866	0.9089898447002913	0.9089898447002913			
Tgs1	Rxra	center->neighbors	0.16249875944862038	0.15157458948161545	0.12348964438783724	0.40729635182408797	0.40729635182408797	0.2586021	0.30490646	2325	0.9089898447002913	0.9089898447002913			
Tgfb2	Eng	center->neighbors	0.13161656973643163	0.12186230493409864	0.08858352256089873	0.41879060469765117	0.41879060469765117	0.14325312	0.2871947	2141	0.9089898447002913	0.9089898447002913	TGFb_signaling	angiogenesis	
Lamc1	Itga6_Itgb1	neighbors->center	0.06602013911034102	0.0627164883297306	0.048989018038441946	0.4122938530734633	0.4122938530734633	0.1694155	0.13432972	383	0.9089898447002913	0.9089898447002913		ECM_integrin_adhesion	
Lrig1	Egfr	center->neighbors	0.08653937097207302	0.08346492072517304	0.04482648958074645	0.4127936031984008	0.4127936031984008	0.13432972	0.28354016	866	0.9089898447002913	0.9089898447002913		RTK_MAPK	
Fgf1	Nrp1	center->neighbors	0.09883870009811482	0.09662200097495033	0.025046140433879312	0.4122938530734633	0.4122938530734633	0.5362475	0.2508626	2141	0.9089898447002913	0.9089898447002913		angiogenesis, axon_guidance_neurodevelopment	
Reln	Itga3_Itgb1	neighbors->center	0.08673872399952565	0.085836658119342	0.009400953980324676	0.41329335332333833	0.41329335332333833	0.27370974	0.11534899	866	0.9089898447002913	0.9089898447002913	axon_guidance_neurodevelopment	ECM_integrin_adhesion	
Fgf1	Cspg4	center->neighbors	0.160136752154304	0.1590987158273486	0.009258248441090997	0.41529235382308843	0.41529235382308843	0.5362475	0.20831956	866	0.9089898447002913	0.9089898447002913			
Bmp2	Acvr1	neighbors->center	0.04288683963460275	0.04255231206664952	0.007247141206937948	0.40379810094952523	0.40379810094952523	0.19339462	0.25948483	1092	0.9089898447002913	0.9089898447002913	TGFb_signaling	TGFb_signaling	TGFb_signaling
Lamb1	Itgav_Itgb8	neighbors->center	0.1057817036652402	0.10601782169690266	-0.0024818847682058468	0.41879060469765117	0.41879060469765117	0.13971134	0.27758285	2141	0.9089898447002913	0.9089898447002913		ECM_integrin_adhesion, phagocytosis_efferocytosis	
Pnoc	Grm7	neighbors->center	0.14325505574867625	0.14542522881391504	-0.01650056848919938	0.4147926036981509	0.4147926036981509	0.31078234	0.11534899	598	0.9089898447002913	0.9089898447002913			
Lpl	Lrp1	neighbors->center	0.24003950049224387	0.2511073092029081	-0.04851056164601306	0.408295852073963	0.408295852073963	0.21822107	1.4117168	866	0.9089898447002913	0.9089898447002913	fatty_acid_lipid	endocytosis, phagocytosis_efferocytosis	
Bmp2	Rgmb	neighbors->center	0.06663945497257102	0.07073223813032198	-0.05734754107341319	0.4192903548225887	0.4192903548225887	0.19339462	0.6265082	1092	0.9089898447002913	0.9089898447002913	TGFb_signaling		
S100a1	Trpm3	center->neighbors	0.150068583333843	0.16387089659615006	-0.0731022453534492	0.4192903548225887	0.4192903548225887	1.3291942	0.16624185	118	0.9089898447002913	0.9089898447002913			
Serpinf1	Plxdc2	neighbors->center	0.07874283817014979	0.08766302047539581	-0.09056218175008028	0.4052973513243378	0.4052973513243378	0.18365145	0.4844547	383	0.9089898447002913	0.9089898447002913			
Penk	Ogfr	neighbors->center	0.35218919297180074	0.3811324726883361	-0.09316782444122751	0.41329335332333833	0.41329335332333833	0.58499354	0.40172753	2325	0.9089898447002913	0.9089898447002913			
Tnc	Cntn1	neighbors->center	0.12696445395281614	0.15443703137000414	-0.1301086646508763	0.4032983508245877	0.4032983508245877	0.15253823	1.0334892	598	0.9089898447002913	0.9089898447002913			
Col9a3	Mag	neighbors->center	0.23091077967908702	0.2877323982806648	-0.178013644151807	0.41529235382308843	0.41529235382308843	0.24454276	1.755208	383	0.9089898447002913	0.9089898447002913			
Bcan	Nrcam	neighbors->center	1.4442452543736422	1.3793185274881175	0.29302161387175346	0.4287856071964018	0.4287856071964018	1.9459032	1.280369	598	0.9102106555417944	0.9102106555417944			
Gnai2	Adora1	center->neighbors	1.0367223661238802	0.9710589830533423	0.23874700351354883	0.42528735632183906	0.42528735632183906	1.6791936	0.8743983	2325	0.9102106555417944	0.9102106555417944			
S100a1	Ryr2	center->neighbors	0.7454959535540181	0.6796813317156906	0.23096540013346492	0.431784107946027	0.431784107946027	1.3291942	0.6439608	383	0.9102106555417944	0.9102106555417944			
Vwf	Sirpa	center->neighbors	0.5860038184696841	0.5253252761350494	0.19257032599304916	0.4267866066966517	0.4267866066966517	0.3738234	1.0801417	640	0.9102106555417944	0.9102106555417944	coagulation_wound	phagocytosis_efferocytosis	
Efnb3	Ephb2	neighbors->center	0.26792061922962523	0.231127592336189	0.18592949936111863	0.4367816091954023	0.4367816091954023	0.7352239	0.14325312	866	0.9102106555417944	0.9102106555417944		axon_guidance_neurodevelopment	
Lrpap1	Sort1	neighbors->center	1.4012148218361185	1.3582587537391704	0.18126485838510428	0.4257871064467766	0.4257871064467766	1.2665217	1.753749	2325	0.9102106555417944	0.9102106555417944			
Ado	Adora1	center->neighbors	0.6895926152363365	0.6395775493337784	0.17996861066298295	0.43478260869565216	0.43478260869565216	0.74295247	0.8743983	2325	0.9102106555417944	0.9102106555417944			
Vtn	Itga3	neighbors->center	0.30420016651005394	0.27378322330670257	0.17081537044337447	0.4267866066966517	0.4267866066966517	1.0587213	0.11534899	383	0.9102106555417944	0.9102106555417944	ECM_integrin_adhesion	ECM_integrin_adhesion	ECM_integrin_adhesion
Timp2	Cd44	neighbors->center	0.2537103863876786	0.21232560648546353	0.15741280310751748	0.43478260869565216	0.43478260869565216	0.784754	0.13432972	383	0.9102106555417944	0.9102106555417944			
Efna3	Ephb1	neighbors->center	0.3135476399356584	0.29477712428477176	0.1264360304768853	0.42828585707146427	0.42828585707146427	0.42140755	0.5547539	2325	0.9102106555417944	0.9102106555417944			
Lgi1	Rtn4r	neighbors->center	0.6987961053053509	0.6528612469807349	0.1206182344131151	0.43728135932033985	0.43728135932033985	1.1553098	0.49435404	2141	0.9102106555417944	0.9102106555417944			
Psap	Gpr37	neighbors->center	1.5410934239929628	1.4900170748381913	0.07948185435778302	0.4302848575712144	0.4302848575712144	3.0189118	0.7882728	383	0.9102106555417944	0.9102106555417944	autophagy_lysosome		
Reln	Vldlr	center->neighbors	0.28606744825743935	0.27375573273324344	0.07377349514167642	0.4352823588205897	0.4352823588205897	0.5795421	0.30570632	2141	0.9102106555417944	0.9102106555417944	axon_guidance_neurodevelopment		
Sema5a	Plxna1	center->neighbors	0.22942308917343557	0.22496439743861157	0.0310474514081364	0.4337831084457771	0.4337831084457771	0.3761267	0.31118283	2325	0.9102106555417944	0.9102106555417944		axon_guidance_neurodevelopment	
Cfh	Itgam	neighbors->center	0.09039929687260641	0.0903099928592026	0.0010497291242891212	0.43428285857071464	0.43428285857071464	0.1694155	0.2518543	383	0.9102106555417944	0.9102106555417944	complement	complement	complement
Adam10	Cd44	neighbors->center	0.10963699809760248	0.1100071977294215	-0.0025842960648736427	0.4302848575712144	0.4302848575712144	0.3633795	0.13432972	383	0.9102106555417944	0.9102106555417944	NOTCH_signaling		
Vwf	Itgb1	center->neighbors	0.2421910066741467	0.24591549497551177	-0.020290958650207507	0.4352823588205897	0.4352823588205897	0.3738234	0.33843046	2141	0.9102106555417944	0.9102106555417944	coagulation_wound	ECM_integrin_adhesion	
Psen1	Cd44	neighbors->center	0.06974459074262365	0.07892129740933262	-0.08628794325856198	0.4237881059470265	0.4237881059470265	0.23006323	0.13432972	1092	0.9102106555417944	0.9102106555417944			
Tgfb1	Eng	neighbors->center	0.0371638879499582	0.041135414598457654	-0.08777503317740042	0.43428285857071464	0.43428285857071464	0.12736823	0.11752458	383	0.9102106555417944	0.9102106555417944	TGFb_signaling, immunosuppression	angiogenesis	
Inhba	Eng	neighbors->center	0.027747520108459427	0.037697075813731856	-0.17141281906328645	0.4337831084457771	0.4337831084457771	0.15688135	0.11752458	118	0.9102106555417944	0.9102106555417944		angiogenesis	
Igsf1	Acvr1b	neighbors->center	0.15404706132970836	0.19941049749181727	-0.2021191208986006	0.4332833583208396	0.4332833583208396	0.2267412	0.69209534	2325	0.9102106555417944	0.9102106555417944			
Nid1	Ptprf	center->neighbors	0.06537573583990436	0.10261413294047383	-0.28184739487225574	0.4357821089455272	0.4357821089455272	0.14413583	0.16138847	2325	0.9102106555417944	0.9102106555417944			
Apoe	Lrp1	neighbors->center	2.537481094974976	2.4906447862084544	0.22958519573722874	0.44177911044477763	0.44177911044477763	4.5931253	1.4117168	383	0.9179099419548815	0.9179099419548815	fatty_acid_lipid	endocytosis, phagocytosis_efferocytosis	
Gnai2	Chrm1	center->neighbors	1.013344493190323	0.8068154224347761	0.4485984691698699	0.44577711144427784	0.44577711144427784	1.6791936	0.97950596	383	0.9201485071824859	0.9201485071824859			
Gnai2	Adcy1	neighbors->center	1.518057510386924	1.4430560003388873	0.2556130505574546	0.4527736131934033	0.4527736131934033	1.3526193	2.127836	640	0.9201485071824859	0.9201485071824859			
Ncan	Cdh2	neighbors->center	0.7452812963197735	0.7100153537944529	0.14019182520085016	0.4497751124437781	0.4497751124437781	0.9421048	0.8122635	598	0.9201485071824859	0.9201485071824859		EMT	
Col4a1	Cd47	neighbors->center	0.4155178846470396	0.3990343658370128	0.09326929731863713	0.4522738630684658	0.4522738630684658	0.36406046	1.433741	2141	0.9201485071824859	0.9201485071824859	ECM_integrin_adhesion	phagocytosis_efferocytosis	
Agrn	Itgb1	neighbors->center	0.49068036598125	0.4809555104979178	0.06424497935426411	0.456271864067966	0.456271864067966	0.7274106	0.74433297	598	0.9201485071824859	0.9201485071824859		ECM_integrin_adhesion	
Adam17	Erbb4	center->neighbors	0.10704402576597935	0.10143705096537187	0.059551827497273	0.4572713643178411	0.4572713643178411	0.3030885	0.13110915	866	0.9201485071824859	0.9201485071824859			
Pdgfa	Pdgfrb	center->neighbors	0.15319450355011605	0.14990651748103231	0.03393904777399915	0.44677661169415295	0.44677661169415295	0.8061566	0.1576658	2141	0.9201485071824859	0.9201485071824859		ECM_remodeling_fibrosis, angiogenesis	
Lamc1	Itgav_Itgb8	center->neighbors	0.1537642598698798	0.15230584348944837	0.013743412113442734	0.4492753623188406	0.4492753623188406	0.4399857	0.23464416	866	0.9201485071824859	0.9201485071824859		ECM_integrin_adhesion, phagocytosis_efferocytosis	
Tgm2	Itgb1	center->neighbors	0.134533876469692	0.13283151774084911	0.011604093824005157	0.44577711144427784	0.44577711144427784	0.11534899	0.33843046	2141	0.9201485071824859	0.9201485071824859		ECM_integrin_adhesion	
Npy	Npy1r	neighbors->center	0.376556606953524	0.37372537763455443	0.00900265615538399	0.45377311344327836	0.45377311344327836	0.7758242	0.27758285	866	0.9201485071824859	0.9201485071824859			
Gnai2	Cav1	center->neighbors	0.24658966291061427	0.251437052155972	-0.030643167450544052	0.4492753623188406	0.4492753623188406	1.6791936	0.23006323	1092	0.9201485071824859	0.9201485071824859		endocytosis	
Vegfb	Nrp1	center->neighbors	0.14811194582496884	0.1519182565202439	-0.0312757735175038	0.45177411294352826	0.45177411294352826	1.20418	0.2508626	2141	0.9201485071824859	0.9201485071824859		angiogenesis, axon_guidance_neurodevelopment	
Lamc1	Itga3_Itgb1	neighbors->center	0.06117827893116043	0.06353672010212376	-0.03440324117573658	0.44877561219390305	0.44877561219390305	0.1694155	0.11534899	383	0.9201485071824859	0.9201485071824859		ECM_integrin_adhesion	
Grn	Tnfrsf1a	center->neighbors	0.14922926801479977	0.15521516129083338	-0.05527976666987781	0.4567716141929036	0.4567716141929036	0.4167235	0.2718509	383	0.9201485071824859	0.9201485071824859	autophagy_lysosome	apoptosis_extrinsic, inflammation_TNF_NFkB, necroptosis	
Alcam	Nrp1	center->neighbors	0.11830660124591286	0.12389616115072012	-0.05565582558929942	0.4527736131934033	0.4527736131934033	0.7682971	0.2508626	2141	0.9201485071824859	0.9201485071824859		angiogenesis, axon_guidance_neurodevelopment	
Efnb2	Ephb6	neighbors->center	0.21898771761903088	0.2322130475497369	-0.0663729973299826	0.4512743628185907	0.4512743628185907	0.1962602	0.5714968	866	0.9201485071824859	0.9201485071824859			
Fgf1	Tgfbr3	neighbors->center	0.11490187015157537	0.1261880595039796	-0.07987423143420111	0.4572713643178411	0.4572713643178411	0.37283048	0.11752458	598	0.9201485071824859	0.9201485071824859			
Gdf11	Bmpr1b	center->neighbors	0.0643711008606536	0.07125294468963934	-0.10129144149892913	0.45577211394302847	0.45577211394302847	0.11534899	0.27109045	2141	0.9201485071824859	0.9201485071824859			
Gdf11	Actr2	neighbors->center	0.25689779354363246	0.3032221298667641	-0.19056137063906817	0.45827086456771615	0.45827086456771615	0.145901	1.5775445	2325	0.920547593336199	0.920547593336199		migration_invasion	
App	Notch2	neighbors->center	0.5499088812324961	0.4617805867416452	0.23106396004458768	0.4802598700649675	0.4802598700649675	2.6244867	0.11534899	640	0.9229627833142254	0.9229627833142254		NOTCH_signaling	
Gnai2	S1pr3	neighbors->center	0.3534484236058244	0.3100814313486889	0.16333879804613746	0.504247876061969	0.504247876061969	1.3526193	0.11534899	640	0.9229627833142254	0.9229627833142254			
Pdap1	Pdgfrb	neighbors->center	0.39570438376897854	0.3616129039030558	0.15962924274508183	0.49725137431284355	0.49725137431284355	0.8369066	0.33084968	383	0.9229627833142254	0.9229627833142254		ECM_remodeling_fibrosis, angiogenesis	
Grn	Egfr	neighbors->center	0.23417540723925453	0.2106329527931955	0.15434598196886956	0.4767616191904048	0.4767616191904048	0.5563098	0.29675382	866	0.9229627833142254	0.9229627833142254	autophagy_lysosome	RTK_MAPK	
Gnas	Crhr1	neighbors->center	0.6910572405825532	0.6215597859873111	0.14399582993406898	0.4752623688155922	0.4752623688155922	3.360874	0.14413583	2325	0.9229627833142254	0.9229627833142254			
Bmp7	Actr2	center->neighbors	0.3304450815158972	0.29834041878621387	0.12094746161501636	0.5422288855572214	0.5422288855572214	0.11752458	1.2080116	383	0.9229627833142254	0.9229627833142254		migration_invasion	
Vegfa	Sirpa	center->neighbors	0.8153690740595891	0.7935018985520421	0.08922295584534097	0.47426286856571714	0.47426286856571714	0.72372586	1.0801417	640	0.9229627833142254	0.9229627833142254	angiogenesis, hypoxia	phagocytosis_efferocytosis	
App	Vldlr	neighbors->center	1.2260977248597036	1.2072524768349662	0.06418909421464558	0.5112443778110944	0.5112443778110944	2.6244867	0.57343274	640	0.9229627833142254	0.9229627833142254			
Lamc1	Dag1	center->neighbors	0.28676982425745007	0.27839467898541215	0.05502650579091712	0.487256371814093	0.487256371814093	0.4399857	0.5256873	640	0.9229627833142254	0.9229627833142254			
Ptn	Ncl	neighbors->center	1.7341182645820346	1.724101832941146	0.04834725798938264	0.4992503748125937	0.4992503748125937	2.3347297	1.3081902	383	0.9229627833142254	0.9229627833142254			
S100a1	Trpm3	neighbors->center	0.3284251171819542	0.3143457214363996	0.04679540011679542	0.5272363818090955	0.5272363818090955	1.2742006	0.11752458	383	0.9229627833142254	0.9229627833142254			
Col4a1	Cd47	center->neighbors	0.5996431729519394	0.5924369869662283	0.03266348558527685	0.5037481259370314	0.5037481259370314	0.39935353	1.110275	640	0.9229627833142254	0.9229627833142254	ECM_integrin_adhesion	phagocytosis_efferocytosis	
Efna3	Epha8	neighbors->center	0.14431707380490538	0.14002095006250703	0.028735466678348198	0.4732633683158421	0.4732633683158421	0.42140755	0.11752458	2325	0.9229627833142254	0.9229627833142254			
Gnai2	Adra2a	neighbors->center	0.5753745997423735	0.5669974962143197	0.026654910691888013	0.4817591204397801	0.4817591204397801	1.3526193	0.3056772	640	0.9229627833142254	0.9229627833142254			
Lrpap1	Vldlr	neighbors->center	0.801239311704102	0.7964028078101207	0.02337108825354377	0.5087456271864068	0.5087456271864068	1.2665217	0.57343274	2325	0.9229627833142254	0.9229627833142254			
Gnai2	S1pr1	neighbors->center	1.1630586314147104	1.1584559127218397	0.022587782871829304	0.496751624187906	0.496751624187906	1.3526193	1.2490071	640	0.9229627833142254	0.9229627833142254			
Alcam	Nrp1	neighbors->center	0.21508469601363586	0.21198928758276556	0.016700273512850732	0.5292353823088456	0.5292353823088456	0.56168205	0.14413583	383	0.9229627833142254	0.9229627833142254		angiogenesis, axon_guidance_neurodevelopment	
Gstm7	Ryr2	center->neighbors	0.29084961748573673	0.28867269799851725	0.013811376308602555	0.4832583708145927	0.4832583708145927	0.20231815	0.6439608	383	0.9229627833142254	0.9229627833142254			
C1qb	Lrp1	neighbors->center	1.079896181019797	1.0773207521680421	0.01190791952696036	0.5022488755622189	0.5022488755622189	1.0953454	1.4117168	640	0.9229627833142254	0.9229627833142254	complement, phagocytosis_efferocytosis	endocytosis, phagocytosis_efferocytosis	phagocytosis_efferocytosis
Gnai2	P2ry12	center->neighbors	0.549094372252319	0.5470938595823844	0.009238715340913153	0.47976011994003	0.47976011994003	1.6791936	0.5970412	640	0.9229627833142254	0.9229627833142254			
Slit2	Gpc1	center->neighbors	0.26173090903279167	0.2609002199226011	0.004931889328318124	0.5037481259370314	0.5037481259370314	0.11534899	0.86372006	2325	0.9229627833142254	0.9229627833142254	axon_guidance_neurodevelopment		
Sst	Sstr2	neighbors->center	0.42719054302770326	0.4253740229769714	0.004802822951593311	0.4707646176911544	0.4707646176911544	1.530266	0.13432972	2141	0.9229627833142254	0.9229627833142254			
Sema6b	Plxna4	center->neighbors	0.4459427336095403	0.4452488632355829	0.003390907419278392	0.4817591204397801	0.4817591204397801	0.82288545	0.5333413	2141	0.9229627833142254	0.9229627833142254			
Rims1	Slc17a7	center->neighbors	1.1151512923277658	1.116214097272113	-0.0018450122486575698	0.5462268865567217	0.5462268865567217	0.43005618	2.889685	383	0.9229627833142254	0.9229627833142254		synaptic_neurotransmission	
H2-K1	Aplp2	center->neighbors	1.0215136345956721	1.0221640228192062	-0.002296061040258316	0.47876061969015493	0.47876061969015493	0.78489166	1.5595607	866	0.9229627833142254	0.9229627833142254	antigen_presentation_MHCI		
Gnas	Adora1	center->neighbors	1.480301544714025	1.483229604591503	-0.006423550883624963	0.5047476261869065	0.5047476261869065	3.4235463	0.8743983	2325	0.9229627833142254	0.9229627833142254			
Tgfb3	Itgb1	center->neighbors	0.134533876469692	0.13542406634183762	-0.006614088189130839	0.49325337331334335	0.49325337331334335	0.11534899	0.33843046	2141	0.9229627833142254	0.9229627833142254	TGFb_signaling	ECM_integrin_adhesion	
Cck	Cckbr	neighbors->center	0.7423207601160491	0.7468509405779463	-0.007398726250007813	0.4702648675662169	0.4702648675662169	3.1605203	0.16875878	2325	0.9229627833142254	0.9229627833142254			
Gas6	Tyro3	center->neighbors	0.5963140130334799	0.5990241727459708	-0.01065438450525707	0.5022488755622189	0.5022488755622189	0.6185718	0.71354425	383	0.9229627833142254	0.9229627833142254	phagocytosis_efferocytosis	phagocytosis_efferocytosis	phagocytosis_efferocytosis
Col4a1	Itgav_Itgb8	neighbors->center	0.1828313654915413	0.184644617367804	-0.01633700529796113	0.4657671164417791	0.4657671164417791	0.36406046	0.27758285	2141	0.9229627833142254	0.9229627833142254	ECM_integrin_adhesion	ECM_integrin_adhesion, phagocytosis_efferocytosis	ECM_integrin_adhesion
Ptn	Ptprz1	center->neighbors	1.5379607661943773	1.541983360888654	-0.01634899665594667	0.5272363818090955	0.5272363818090955	2.2590654	1.5226748	2141	0.9229627833142254	0.9229627833142254			
Gnai2	Ptpru	neighbors->center	0.5506281120472486	0.5568376874045523	-0.020832753420524736	0.5382308845577212	0.5382308845577212	1.3526193	0.27994868	640	0.9229627833142254	0.9229627833142254			
Hebp1	Adra2a	neighbors->center	0.19187580624683415	0.19500292815781892	-0.023116162551370053	0.4862568715642179	0.4862568715642179	0.28053576	0.3056772	383	0.9229627833142254	0.9229627833142254			
Mdk	Ptprz1	center->neighbors	0.7564759486097	0.7686714999123085	-0.043936996949513904	0.5297351324337831	0.5297351324337831	0.5465483	1.5226748	2141	0.9229627833142254	0.9229627833142254			
Nxph3	Nrxn2	center->neighbors	0.42467028757040365	0.4419467016381416	-0.04540774269940024	0.4827586206896552	0.4827586206896552	0.11534899	1.4497019	866	0.9229627833142254	0.9229627833142254		synaptic_neurotransmission	
Slitrk1	Ptprs	center->neighbors	0.9451423516691143	0.9619281522124093	-0.04746087307870186	0.5337331334332833	0.5337331334332833	0.5448855	1.6369756	2141	0.9229627833142254	0.9229627833142254			
App	Lrp10	center->neighbors	0.8280766607531975	0.8482214782399062	-0.06470963194685843	0.511744127936032	0.511744127936032	2.6512914	0.54774904	2325	0.9229627833142254	0.9229627833142254			
Sparc	Eng	center->neighbors	0.5005434999315707	0.5151388562147166	-0.06485210839100995	0.49975012493753124	0.49975012493753124	2.0718894	0.2871947	2141	0.9229627833142254	0.9229627833142254	ECM_remodeling_fibrosis, EMT	angiogenesis	
Pdap1	Pdgfrb	center->neighbors	0.1856889777810855	0.1939028976593594	-0.06783571527147006	0.4912543728135932	0.4912543728135932	1.1844188	0.1576658	2141	0.9229627833142254	0.9229627833142254		ECM_remodeling_fibrosis, angiogenesis	
Reln	Lrp8	center->neighbors	0.17551149111105752	0.18620819521742912	-0.0783706150955402	0.4617691154422789	0.4617691154422789	0.5795421	0.2269006	2325	0.9229627833142254	0.9229627833142254	axon_guidance_neurodevelopment		
Rtn4	Tnfrsf19	center->neighbors	0.5103298265411395	0.5313007374324478	-0.08168167406905255	0.5077461269365318	0.5077461269365318	2.0317092	0.51449996	2325	0.9229627833142254	0.9229627833142254			
Sema4a	Plxnb3	neighbors->center	0.10228143314849988	0.11075583512501525	-0.0829822141273953	0.49775112443778113	0.49775112443778113	0.27431065	0.14413583	866	0.9229627833142254	0.9229627833142254			
Lamb1	Itgav_Itgb8	center->neighbors	0.11272608590097596	0.12288931819119184	-0.09116985097182832	0.5037481259370314	0.5037481259370314	0.2364703	0.23464416	866	0.9229627833142254	0.9229627833142254		ECM_integrin_adhesion, phagocytosis_efferocytosis	
Nxph3	Nrxn1	center->neighbors	0.46796023908906087	0.5105786844459119	-0.09658982722871468	0.5122438780609695	0.5122438780609695	0.11534899	1.9999167	598	0.9229627833142254	0.9229627833142254		synaptic_neurotransmission	
Sema4a	Plxnb2	center->neighbors	0.2644791837520121	0.2804140092773991	-0.09979280531041748	0.5047476261869065	0.5047476261869065	0.4399857	0.5038646	383	0.9229627833142254	0.9229627833142254			
Fbln1	Itgb1	center->neighbors	0.14518134531183477	0.1620379182104808	-0.10131574015811437	0.5027486256871564	0.5027486256871564	0.13432972	0.33843046	2141	0.9229627833142254	0.9229627833142254		ECM_integrin_adhesion	
Efnb2	Grm5	neighbors->center	0.2919148565270126	0.3176611651296965	-0.1021357837284104	0.48875562218890556	0.48875562218890556	0.1962602	1.0155158	866	0.9229627833142254	0.9229627833142254			
Fgf11	Fgfr1	neighbors->center	0.11094839772514202	0.12087275217502468	-0.10257948319794886	0.46776611694152925	0.46776611694152925	0.15009327	0.7876405	1092	0.9229627833142254	0.9229627833142254			
Csf1	Celsr3	center->neighbors	0.10115892538012375	0.10976818397094219	-0.10270576311323358	0.5062468765617192	0.5062468765617192	0.39381456	0.14380684	866	0.9229627833142254	0.9229627833142254			
Trf	Ldlr	neighbors->center	0.5254588491342739	0.5655904061653354	-0.10495728157098033	0.5157421289355323	0.5157421289355323	1.7843673	0.16242409	866	0.9229627833142254	0.9229627833142254		endocytosis, fatty_acid_lipid	
Gdf11	Bmpr1a	center->neighbors	0.18416310174936384	0.19872636958058215	-0.10517058791551369	0.5107446276861569	0.5107446276861569	0.11534899	0.59256834	598	0.9229627833142254	0.9229627833142254			
Rgma	Bmpr1b	center->neighbors	0.09638291943525834	0.10465425641558995	-0.10530804944844506	0.47276361819090457	0.47276361819090457	0.2586021	0.27109045	2141	0.9229627833142254	0.9229627833142254			
Bsg	Slc16a1	neighbors->center	1.023406464195694	1.063788083154578	-0.10829073785337164	0.5432283858070964	0.5432283858070964	3.2056751	0.31984273	2141	0.9229627833142254	0.9229627833142254			
Ncam1	Gfra1	center->neighbors	0.3731291440657253	0.39651928317862034	-0.11167704067041528	0.4987506246876562	0.4987506246876562	1.1096685	0.35440102	598	0.9229627833142254	0.9229627833142254	axon_guidance_neurodevelopment, cytotoxic_T_NK		
Efnb2	Epha4	neighbors->center	0.27294698675903295	0.29888228156594954	-0.11168471654511816	0.48375812093953025	0.48375812093953025	0.1962602	0.8878322	866	0.9229627833142254	0.9229627833142254		axon_guidance_neurodevelopment	
Ptn	Ptprs	neighbors->center	1.76707242769053	1.7999605751027545	-0.1131115391968244	0.5332333833083458	0.5332333833083458	2.3347297	1.3583828	383	0.9229627833142254	0.9229627833142254			
Vegfa	Itgb1	center->neighbors	0.3369859597495582	0.354095408860427	-0.1154326336564271	0.5097451274362819	0.5097451274362819	0.72372586	0.33843046	2141	0.9229627833142254	0.9229627833142254	angiogenesis, hypoxia	ECM_integrin_adhesion	
Fstl1	Dip2a	center->neighbors	0.2134505338158594	0.2299661217088133	-0.1165698836732808	0.5147426286856571	0.5147426286856571	0.4232018	0.2549271	640	0.9229627833142254	0.9229627833142254			
Gdf11	Acvr1b_Acvr2a	neighbors->center	0.07496449682349969	0.08455343090707168	-0.12046367771739924	0.46976511744127936	0.46976511744127936	0.145901	0.13432972	2325	0.9229627833142254	0.9229627833142254			
Gdf11	Bmpr2	center->neighbors	0.3337178736415518	0.3608140761917967	-0.12394036699261406	0.5427286356821589	0.5427286356821589	0.11534899	0.94155216	383	0.9229627833142254	0.9229627833142254			
Efnb3	Ephb6	neighbors->center	0.5351320921527265	0.5672265633473415	-0.12854448187219153	0.5442278860569715	0.5442278860569715	0.7352239	0.5714968	866	0.9229627833142254	0.9229627833142254			
Lin7c	Kcnj4	center->neighbors	0.41659508685129437	0.46719501010222453	-0.1354042261818919	0.5377311344327836	0.5377311344327836	0.86543095	0.5592445	640	0.9229627833142254	0.9229627833142254			
Fgf1	Nrp1	neighbors->center	0.12724734287637265	0.14753762797234707	-0.14019928731432038	0.5107446276861569	0.5107446276861569	0.37283048	0.14413583	598	0.9229627833142254	0.9229627833142254		angiogenesis, axon_guidance_neurodevelopment	
Fn1	Itga3_Itgb1	neighbors->center	0.07457667402104708	0.08676199998658064	-0.14174473202179425	0.5257371314342829	0.5257371314342829	0.2111093	0.11534899	383	0.9229627833142254	0.9229627833142254	ECM_integrin_adhesion, ECM_remodeling_fibrosis, EMT	ECM_integrin_adhesion	ECM_integrin_adhesion
Apoe	Sdc2	center->neighbors	0.9146623503339224	0.978072447828602	-0.14818263917784874	0.5122438780609695	0.5122438780609695	4.6564374	0.36642185	866	0.9229627833142254	0.9229627833142254	fatty_acid_lipid		
Bmp2	Actr2	neighbors->center	0.1057447609340569	0.12376372044686713	-0.15035595662192827	0.48075962018990503	0.48075962018990503	0.19339462	1.5775445	1092	0.9229627833142254	0.9229627833142254	TGFb_signaling	migration_invasion	
Vtn	Itgav_Itgb8	center->neighbors	0.2902169061769334	0.3141898704183829	-0.15389798468090388	0.5137431284357821	0.5137431284357821	1.5673759	0.23464416	866	0.9229627833142254	0.9229627833142254	ECM_integrin_adhesion	ECM_integrin_adhesion, phagocytosis_efferocytosis	ECM_integrin_adhesion
Ncam1	Fgfr2	center->neighbors	0.4875152120380757	0.5487124361691325	-0.15884496468691436	0.4612693653173413	0.4612693653173413	1.1096685	0.46749282	2325	0.9229627833142254	0.9229627833142254	axon_guidance_neurodevelopment, cytotoxic_T_NK		
Hras	Cav1	center->neighbors	0.2390811260489834	0.26398594647148416	-0.16002100842001465	0.5182408795602199	0.5182408795602199	1.5784893	0.23006323	1092	0.9229627833142254	0.9229627833142254		endocytosis	
Efnb2	Grm1	neighbors->center	0.16634438299432827	0.1901214227087249	-0.16267989862122137	0.5022488755622189	0.5022488755622189	0.1962602	0.32975435	866	0.9229627833142254	0.9229627833142254			
Tgfb1	Itgb5	center->neighbors	0.06765375884570402	0.08375549490156012	-0.16471562867682463	0.48075962018990503	0.48075962018990503	0.25948483	0.16555052	1092	0.9229627833142254	0.9229627833142254	TGFb_signaling, immunosuppression	ECM_integrin_adhesion, phagocytosis_efferocytosis	
Fn1	Itga6	neighbors->center	0.11019725916951394	0.1268073508838443	-0.16855711981154212	0.5152423788105946	0.5152423788105946	0.2111093	0.2518543	383	0.9229627833142254	0.9229627833142254	ECM_integrin_adhesion, ECM_remodeling_fibrosis, EMT	ECM_integrin_adhesion	ECM_integrin_adhesion
Col4a2	Itga3_Itgb1	neighbors->center	0.06819006778122452	0.08160604892365485	-0.16886172592557666	0.5262368815592204	0.5262368815592204	0.13971134	0.11534899	2141	0.9229627833142254	0.9229627833142254	ECM_integrin_adhesion	ECM_integrin_adhesion	ECM_integrin_adhesion
Gdf11	Bmpr1a	neighbors->center	0.13950180257172548	0.1641237032327895	-0.1772117444548002	0.4662668665667166	0.4662668665667166	0.145901	0.4651794	2325	0.9229627833142254	0.9229627833142254			
Bmp2	Gpc1	neighbors->center	0.06371826237054254	0.07801592233900789	-0.1773219079069506	0.47476261869065467	0.47476261869065467	0.19339462	0.5727851	1092	0.9229627833142254	0.9229627833142254	TGFb_signaling		
Mdk	Itga6_Itgb1	neighbors->center	0.12176539655971826	0.1482822049143675	-0.18229438028810513	0.5317341329335332	0.5317341329335332	0.476676	0.13432972	640	0.9229627833142254	0.9229627833142254		ECM_integrin_adhesion	
Wnt7b	Tmed5	neighbors->center	0.25090415026801605	0.27856484912630214	-0.1882530957767612	0.5327336331834083	0.5327336331834083	0.26544678	0.7218569	866	0.9229627833142254	0.9229627833142254	WNT_signaling		
Mdk	Sdc2	center->neighbors	0.3133633499522572	0.35376407803827664	-0.18935550495188805	0.48575712143928035	0.48575712143928035	0.5465483	0.36642185	866	0.9229627833142254	0.9229627833142254			
L1cam	Erbb3	neighbors->center	0.13688037306741946	0.17213159100760675	-0.19271337227029817	0.5272363818090955	0.5272363818090955	0.30608377	0.16875878	2141	0.9229627833142254	0.9229627833142254	axon_guidance_neurodevelopment	RTK_MAPK	
Agrn	Lrp4	center->neighbors	0.06237612284363101	0.07701416118423594	-0.20508026267550336	0.5062468765617192	0.5062468765617192	0.43972132	0.18876137	1092	0.9229627833142254	0.9229627833142254			
Fam3c	Lifr	neighbors->center	0.3110901198002607	0.3470212296429098	-0.20962245536708096	0.544727636181909	0.544727636181909	0.6935465	0.3065599	640	0.9229627833142254	0.9229627833142254		JAK_STAT	
Cntn2	Nrp1	neighbors->center	0.12989446233981164	0.16474312343113953	-0.21017430368722972	0.5102448775612194	0.5102448775612194	0.39769602	0.14413583	866	0.9229627833142254	0.9229627833142254		angiogenesis, axon_guidance_neurodevelopment	
Sema4a	Plxnb2	neighbors->center	0.21415064878402273	0.24486818912667643	-0.2104025462740578	0.519240379810095	0.519240379810095	0.27431065	0.6318546	866	0.9229627833142254	0.9229627833142254			
Col9a3	Itgav_Itgb8	neighbors->center	0.0918282360693207	0.12252128123806633	-0.2185582510736845	0.4732633683158421	0.4732633683158421	0.24454276	0.27758285	383	0.9229627833142254	0.9229627833142254		ECM_integrin_adhesion, phagocytosis_efferocytosis	
Timp3	Kdr	center->neighbors	0.1589366796899109	0.18675843324773395	-0.22528615407848762	0.5182408795602199	0.5182408795602199	0.64142114	0.26527867	2141	0.9229627833142254	0.9229627833142254	ECM_remodeling_fibrosis	angiogenesis	
Sema4a	Plxnd1	neighbors->center	0.17480964131691165	0.2122935463764719	-0.2315633885133693	0.5317341329335332	0.5317341329335332	0.27431065	0.4210262	866	0.9229627833142254	0.9229627833142254			
Sema4d	Plxnb2	neighbors->center	0.32709589818577095	0.38169341231988363	-0.23354870186110224	0.5057471264367817	0.5057471264367817	0.40043977	0.6318546	866	0.9229627833142254	0.9229627833142254	axon_guidance_neurodevelopment		
Ccl25	Grm7	neighbors->center	0.06475931359977499	0.08037549821727143	-0.24445606028325376	0.5412293853073463	0.5412293853073463	0.12716655	0.11534899	383	0.9229627833142254	0.9229627833142254			
Sertad1	Ar	neighbors->center	0.07191381825066659	0.08956246042924243	-0.24981010700486705	0.5357321339330335	0.5357321339330335	0.17937979	0.2616604	2141	0.9229627833142254	0.9229627833142254			
Col1a2	Itgav_Itgb8	center->neighbors	0.07873049946455346	0.10776886030217046	-0.2535874442782273	0.5352323838080959	0.5352323838080959	0.11534899	0.23464416	866	0.9229627833142254	0.9229627833142254	ECM_remodeling_fibrosis	ECM_integrin_adhesion, phagocytosis_efferocytosis	
Pnoc	Oprl1	neighbors->center	0.14459971226865873	0.19327363829263836	-0.26277440565160426	0.48825587206396803	0.48825587206396803	0.31078234	0.11752458	598	0.9229627833142254	0.9229627833142254			
Fgf11	Fgfr2	neighbors->center	0.08059672014526298	0.10483121319721302	-0.26392370204495963	0.5217391304347826	0.5217391304347826	0.15009327	0.41564324	1092	0.9229627833142254	0.9229627833142254			
Mdk	Notch2	neighbors->center	0.11283522891996524	0.15493917699368318	-0.26575363604250085	0.5417291354322838	0.5417291354322838	0.476676	0.11534899	640	0.9229627833142254	0.9229627833142254		NOTCH_signaling	
Bmp2	Bmpr1a_Bmpr2	neighbors->center	0.04299354867602809	0.05996147206451334	-0.2657579323937744	0.5142428785607196	0.5142428785607196	0.19339462	0.2607777	1092	0.9229627833142254	0.9229627833142254	TGFb_signaling		
Bdnf	Sort1	neighbors->center	0.3188631076940322	0.3867702673801485	-0.2674847199283147	0.5452273863068465	0.5452273863068465	0.24647982	1.753749	598	0.9229627833142254	0.9229627833142254	axon_guidance_neurodevelopment		
Nptx1	Nptxr	center->neighbors	1.0650217759470058	1.2617328151733487	-0.2675681238552044	0.545727136431784	0.545727136431784	1.1017326	1.273016	2141	0.9229627833142254	0.9229627833142254			
Psen1	Notch4	neighbors->center	0.06523622787953222	0.09078873803778774	-0.27314832439286074	0.5387306346826587	0.5387306346826587	0.23006323	0.11752458	1092	0.9229627833142254	0.9229627833142254		NOTCH_signaling	
Sema4d	Plxnb3	neighbors->center	0.15622570794951487	0.22795184862495016	-0.27435256726032464	0.49525237381309345	0.49525237381309345	0.40043977	0.14413583	866	0.9229627833142254	0.9229627833142254	axon_guidance_neurodevelopment		
Fgf9	Fgfr2	center->neighbors	0.15718041222905169	0.20676781297420194	-0.2793794059575203	0.5247376311844077	0.5247376311844077	0.11534899	0.46749282	2325	0.9229627833142254	0.9229627833142254			
Fgf1	Fgfr1	neighbors->center	0.2974587670823372	0.36003021613252434	-0.2798824341710208	0.5227386306846576	0.5227386306846576	0.37283048	0.7876405	598	0.9229627833142254	0.9229627833142254			
Cort	Grm7	center->neighbors	0.06390409130148841	0.09959684624665723	-0.28498767102462036	0.4777611194402799	0.4777611194402799	0.25948483	0.15604134	118	0.9229627833142254	0.9229627833142254			
Sema4f	Nrp2	neighbors->center	0.10174705861107161	0.14412061038100507	-0.28731709954558865	0.5357321339330335	0.5357321339330335	0.21194053	0.11534899	2141	0.9229627833142254	0.9229627833142254			
Cntn2	Nrp1	center->neighbors	0.07523915661835327	0.10506939631491141	-0.30783053524957066	0.5297351324337831	0.5297351324337831	0.31074134	0.2508626	2141	0.9229627833142254	0.9229627833142254		angiogenesis, axon_guidance_neurodevelopment	
Sema4d	Plxnb1	neighbors->center	0.3210535324985247	0.40111113571066775	-0.3237623496079013	0.543728135932034	0.543728135932034	0.40043977	0.608726	866	0.9229627833142254	0.9229627833142254	axon_guidance_neurodevelopment	axon_guidance_neurodevelopment	axon_guidance_neurodevelopment
Serpinf1	Plxdc1	neighbors->center	0.04146393693338158	0.06773138204084003	-0.3318994710713304	0.5262368815592204	0.5262368815592204	0.18365145	0.13432972	383	0.9229627833142254	0.9229627833142254			
Bmp7	Ptprk	center->neighbors	0.05235590956126342	0.0960215545034955	-0.3979828687755992	0.5402298850574713	0.5402298850574713	0.11752458	0.12966375	640	0.9229627833142254	0.9229627833142254			
Sema3e	Plxnd1	center->neighbors	0.07025162258158672	0.15548467233868565	-0.49810089691537485	0.5452273863068465	0.5452273863068465	0.13432972	0.23467435	1092	0.9229627833142254	0.9229627833142254			
Jag2	Notch4	neighbors->center	0.024152627698843906	0.06517769272514154	-0.5491196427706322	0.5432283858070964	0.5432283858070964	0.12986542	0.11752458	2456	0.9229627833142254	0.9229627833142254	NOTCH_signaling	NOTCH_signaling	NOTCH_signaling
Jam2	Itga3_Itgb1	neighbors->center	0.08919225536549641	0.1144673888734852	-0.22824930982428027	0.5472263868065967	0.5472263868065967	0.28906694	0.11534899	2325	0.9232938596780905	0.9232938596780905		ECM_integrin_adhesion	
Ptn	Sdc3	neighbors->center	1.4420333063591728	1.4538844594868026	-0.04810334152513194	0.5482258870564718	0.5482258870564718	2.3347297	0.9046156	383	0.9236239651435281	0.9236239651435281			
Cntn1	Notch2	neighbors->center	0.3690331848335371	0.35239134787772997	0.05732585705204962	0.584207896051974	0.584207896051974	1.366444	0.11534899	383	0.9236309043280557	0.9236309043280557		NOTCH_signaling	
Apoe	Ldlr	neighbors->center	0.8607048219818663	0.8801667646066799	-0.04288479798738542	0.5657171414292853	0.5657171414292853	4.5931253	0.16242409	383	0.9236309043280557	0.9236309043280557	fatty_acid_lipid	endocytosis, fatty_acid_lipid	fatty_acid_lipid
App	Lrp6	neighbors->center	0.8125657769839665	0.8272318912681965	-0.04446841373064232	0.5792103948025987	0.5792103948025987	2.6244867	0.2518543	640	0.9236309043280557	0.9236309043280557		WNT_signaling	
Ybx1	Notch1	neighbors->center	0.4554411910699927	0.46709318689476753	-0.04851370500922655	0.551224387806097	0.551224387806097	1.7327054	0.13432972	2141	0.9236309043280557	0.9236309043280557		NOTCH_signaling, angiogenesis	
Psap	Ar	neighbors->center	0.8878910774113021	0.9071507953620658	-0.050872885857727194	0.568215892053973	0.568215892053973	3.0189118	0.2616604	383	0.9236309043280557	0.9236309043280557	autophagy_lysosome		
Slitrk2	Ptprs	center->neighbors	0.5259903650601214	0.5477908624082541	-0.08312772451690072	0.5702148925537232	0.5702148925537232	0.16875878	1.6369756	2141	0.9236309043280557	0.9236309043280557			
App	Lrp10	neighbors->center	1.1144303181900297	1.1405257258358505	-0.08415485160140197	0.5637181409295352	0.5637181409295352	2.6244867	0.47373793	640	0.9236309043280557	0.9236309043280557			
Rtn4	Cntnap1	neighbors->center	1.3103418701465874	1.347371741946559	-0.10335514150026208	0.5777111444277861	0.5777111444277861	2.2058268	0.76880276	866	0.9236309043280557	0.9236309043280557			
Grn	Tnfrsf1a	neighbors->center	0.22656259038923934	0.24354055878039285	-0.10341766888243899	0.568215892053973	0.568215892053973	0.5563098	0.27777308	866	0.9236309043280557	0.9236309043280557	autophagy_lysosome	apoptosis_extrinsic, inflammation_TNF_NFkB, necroptosis	
Lamb1	Dag1	center->neighbors	0.2102337708314031	0.23013415545057014	-0.11288225637959713	0.5647176411794103	0.5647176411794103	0.2364703	0.5256873	640	0.9236309043280557	0.9236309043280557			
Pdgfb	S1pr1	center->neighbors	0.38881311140265057	0.4137391663682546	-0.1358777726208866	0.5677161419290355	0.5677161419290355	0.13432972	1.4686846	2325	0.9236309043280557	0.9236309043280557	angiogenesis		
Nampt	Insr	neighbors->center	0.20576287638387133	0.22305457779539442	-0.14620179495596555	0.5567216391804098	0.5567216391804098	0.31726176	0.28410777	866	0.9236309043280557	0.9236309043280557			
Adam9	Itga6	neighbors->center	0.15300124515368996	0.17122503520635207	-0.15475260268884425	0.5572213893053474	0.5572213893053474	0.28346974	0.2518543	866	0.9236309043280557	0.9236309043280557		ECM_integrin_adhesion	
Sertad1	Ar	center->neighbors	0.09120760630652598	0.10655386829112769	-0.18396860008805507	0.5617191404297851	0.5617191404297851	0.11534899	0.2343755	2141	0.9236309043280557	0.9236309043280557			
Ptn	Sdc2	center->neighbors	0.6370863879319726	0.6898558123521659	-0.18486268419376445	0.5557221389305347	0.5557221389305347	2.2590654	0.36642185	866	0.9236309043280557	0.9236309043280557			
Fam3c	Lamp1	neighbors->center	0.8195731263354447	0.8713984890153763	-0.1970337476651618	0.5727136431784108	0.5727136431784108	0.6935465	2.1277387	640	0.9236309043280557	0.9236309043280557		autophagy_lysosome	
B2m	Tfrc	neighbors->center	0.9610016478277431	0.9997169492308291	-0.19768375944413985	0.5707146426786607	0.5707146426786607	2.029641	0.45590812	598	0.9236309043280557	0.9236309043280557	antigen_presentation_MHCI	endocytosis, ferroptosis, iron_metabolism	
Lamb2	Itgav_Itgb8	center->neighbors	0.14690970333860423	0.170202069843571	-0.2067226881843536	0.5567216391804098	0.5567216391804098	0.40163237	0.23464416	866	0.9236309043280557	0.9236309043280557		ECM_integrin_adhesion, phagocytosis_efferocytosis	
Edil3	Itgb5	neighbors->center	0.674656027076438	0.7202110729024469	-0.2069551953611723	0.5827086456771614	0.5827086456771614	0.87796384	0.6265082	2141	0.9236309043280557	0.9236309043280557		ECM_integrin_adhesion, phagocytosis_efferocytosis	
Rgma	Bmpr2	center->neighbors	0.49967614224664364	0.5398661088259133	-0.21213837183981396	0.5822088955522239	0.5822088955522239	0.2586021	0.94155216	383	0.9236309043280557	0.9236309043280557			
Col4a2	Itgav_Itgb8	center->neighbors	0.15392212720868814	0.1780029328918837	-0.23612354385772685	0.5677161419290355	0.5677161419290355	0.44088963	0.23464416	866	0.9236309043280557	0.9236309043280557	ECM_integrin_adhesion	ECM_integrin_adhesion, phagocytosis_efferocytosis	ECM_integrin_adhesion
Bmp7	Acvr1b	center->neighbors	0.11528492887311838	0.15084543671136685	-0.2456954354779209	0.5697151424287856	0.5697151424287856	0.11752458	0.31134054	2141	0.9236309043280557	0.9236309043280557			
Nlgn1	Nrxn2	center->neighbors	0.8285680341029205	0.8994623981228453	-0.2479881664223557	0.585207396301849	0.585207396301849	0.43910298	1.4497019	866	0.9236309043280557	0.9236309043280557	synaptic_neurotransmission	synaptic_neurotransmission	synaptic_neurotransmission
Nrxn2	Nlgn1	neighbors->center	0.8285680341029205	0.8994623981228453	-0.2479881664223557	0.585207396301849	0.585207396301849	1.4497019	0.43910298	866	0.9236309043280557	0.9236309043280557	synaptic_neurotransmission	synaptic_neurotransmission	synaptic_neurotransmission
App	Gpc1	neighbors->center	1.2254051072768612	1.3157791535080408	-0.25323117641517656	0.5667166416791605	0.5667166416791605	2.6244867	0.5727851	640	0.9236309043280557	0.9236309043280557			
Gnai2	Ednrb	center->neighbors	0.7024453006381192	0.7888846404386105	-0.25786602414211485	0.5552223888055972	0.5552223888055972	1.6791936	0.707792	598	0.9236309043280557	0.9236309043280557			
Vegfa	Itgav	center->neighbors	0.373556208425566	0.4185115743943933	-0.262167671197105	0.5772113943028486	0.5772113943028486	0.72372586	0.44763833	2141	0.9236309043280557	0.9236309043280557	angiogenesis, hypoxia	ECM_integrin_adhesion, phagocytosis_efferocytosis	
Nppc	Npr2	center->neighbors	0.05798121817327162	0.08028378745017453	-0.27542545510204913	0.5527236381809095	0.5527236381809095	0.14413583	0.12966375	640	0.9236309043280557	0.9236309043280557			
Bsg	Slc16a1	center->neighbors	0.6713326120987213	0.7645604082504577	-0.28351054427679656	0.5807096451774113	0.5807096451774113	3.1059597	0.44613776	2141	0.9236309043280557	0.9236309043280557			
Adam10	Tspan5	center->neighbors	0.6832003394845071	0.7533541580172658	-0.2946978822417221	0.5807096451774113	0.5807096451774113	0.5309922	1.0112637	2141	0.9236309043280557	0.9236309043280557	NOTCH_signaling		
Sema4a	Plxnb1	neighbors->center	0.21019469718903955	0.2519616546412024	-0.2973055213314022	0.5707146426786607	0.5707146426786607	0.27431065	0.608726	866	0.9236309043280557	0.9236309043280557		axon_guidance_neurodevelopment	
Ncam1	Fgfr2	neighbors->center	0.6092952311733204	0.7308627288485525	-0.309776351837163	0.5797101449275363	0.5797101449275363	1.1433457	0.41564324	2141	0.9236309043280557	0.9236309043280557	axon_guidance_neurodevelopment, cytotoxic_T_NK		
Vtn	Itgav_Itgb1	center->neighbors	0.24431388124049264	0.28903510495100515	-0.30980672640029727	0.5782108945527237	0.5782108945527237	1.5673759	0.19960763	2141	0.9236309043280557	0.9236309043280557	ECM_integrin_adhesion	ECM_integrin_adhesion, phagocytosis_efferocytosis	ECM_integrin_adhesion
Enho	Gpr19	center->neighbors	0.2802977719546963	0.3345409942905211	-0.31120808359529545	0.5807096451774113	0.5807096451774113	1.1218214	0.21684925	598	0.9236309043280557	0.9236309043280557			
Lamc1	Dag1	neighbors->center	0.15777104666835787	0.19420522036579982	-0.3152722170440715	0.5802098950524738	0.5802098950524738	0.1694155	0.7671386	383	0.9236309043280557	0.9236309043280557			
Gstm7	Ryr2	neighbors->center	0.2106434413179047	0.2569842858987632	-0.31682019840973413	0.5832083958020989	0.5832083958020989	0.1962602	0.5287741	866	0.9236309043280557	0.9236309043280557			
Reln	Vldlr	neighbors->center	0.19339595574483107	0.24561633548463682	-0.31813053540888664	0.5622188905547226	0.5622188905547226	0.27370974	0.57343274	866	0.9236309043280557	0.9236309043280557	axon_guidance_neurodevelopment		
Lgals1	Itgb1	center->neighbors	0.28325610556418773	0.3421864071900567	-0.31949870014916515	0.5792103948025987	0.5792103948025987	0.5113391	0.33843046	2141	0.9236309043280557	0.9236309043280557		ECM_integrin_adhesion	
Nptx1	Nptxr	neighbors->center	0.9490545559658348	1.187622578412874	-0.3212345733836789	0.5572213893053474	0.5572213893053474	1.0882183	1.1942934	640	0.9236309043280557	0.9236309043280557			
Kitl	Kit	neighbors->center	0.11851527582953073	0.17099373106474705	-0.3329045379416724	0.5647176411794103	0.5647176411794103	0.26682445	0.16242409	866	0.9236309043280557	0.9236309043280557			
Bmp1	Bmpr1b	center->neighbors	0.0643711008606536	0.08824759783504624	-0.34600384343635626	0.5817091454272864	0.5817091454272864	0.11534899	0.27109045	2141	0.9236309043280557	0.9236309043280557			
Tgfb2	Eng	neighbors->center	0.06889670004542747	0.10701600651655181	-0.3843453363426645	0.5642178910544727	0.5642178910544727	0.13882287	0.11752458	2325	0.9236309043280557	0.9236309043280557	TGFb_signaling	angiogenesis	
Fbln1	Itgb1	neighbors->center	0.06870449373653564	0.11623890496008772	-0.3932877575761588	0.56071964017991	0.56071964017991	0.14993383	0.74433297	923	0.9236309043280557	0.9236309043280557		ECM_integrin_adhesion	
Gdf11	Bmpr2	neighbors->center	0.16880318578036874	0.24211868761858185	-0.39536193120498514	0.5757121439280359	0.5757121439280359	0.145901	0.68111765	2325	0.9236309043280557	0.9236309043280557			
Gnas	Crhr1	center->neighbors	0.22714506298329334	0.36916082375755416	-0.42190273481605634	0.5687156421789106	0.5687156421789106	3.4235463	0.14448266	644	0.9236309043280557	0.9236309043280557			
Gnai2	S1pr5	center->neighbors	0.20426655036447994	0.3593927939820467	-0.4665913067979195	0.585207396301849	0.585207396301849	1.6791936	0.13672872	383	0.9236309043280557	0.9236309043280557			
Agt	Grm7	neighbors->center	0.2989605331225233	0.4856560776191466	-0.5280032984832128	0.5872063968015993	0.5872063968015993	1.0166167	0.11534899	383	0.9255146089506687	0.9255146089506687			
Itgav	Thy1	center->neighbors	1.1463031377587927	1.2212041603006596	-0.2317678258085982	0.5882058970514743	0.5882058970514743	0.53280056	2.5068135	2325	0.9258199667289644	0.9258199667289644	ECM_integrin_adhesion, phagocytosis_efferocytosis		
Txlna	Stx1a	center->neighbors	0.3536303672236402	0.4537920533172324	-0.36030633719895055	0.5892053973013494	0.5892053973013494	0.33192992	0.54522985	640	0.9261244890550621	0.9261244890550621		synaptic_neurotransmission	
Bcan	Nrcam	center->neighbors	1.2979651266411645	1.3337950488816697	-0.14256565124592036	0.592703648175912	0.592703648175912	1.8768816	1.0229061	383	0.9290811620110818	0.9290811620110818			
Trf	Tfrc	neighbors->center	0.8803434994893028	1.0067730307801044	-0.32512672375122487	0.592703648175912	0.592703648175912	1.7843673	0.45590812	866	0.9290811620110818	0.9290811620110818		endocytosis, ferroptosis, iron_metabolism	
Lamc1	Itgav_Itgb8	neighbors->center	0.09490447917902839	0.12990631369287428	-0.3746388099917029	0.5937031484257871	0.5937031484257871	0.1694155	0.27758285	383	0.9293799966501762	0.9293799966501762		ECM_integrin_adhesion, phagocytosis_efferocytosis	
Pdgfa	Pdgfrb	neighbors->center	0.23062949198036278	0.2536406964280336	-0.14348239419654607	0.6071964017991005	0.6071964017991005	0.42987052	0.33084968	2141	0.9303702579090202	0.9303702579090202		ECM_remodeling_fibrosis, angiogenesis	
Arpc5	Ldlr	neighbors->center	0.3977339235318218	0.43813596997883775	-0.17323815718163668	0.6046976511744128	0.6046976511744128	1.1844149	0.16242409	640	0.9303702579090202	0.9303702579090202		endocytosis, fatty_acid_lipid	
Hras	Insr	neighbors->center	0.5324355817737694	0.5879087397701338	-0.2139178937795515	0.63968015992004	0.63968015992004	1.2066352	0.28410777	383	0.9303702579090202	0.9303702579090202			
Ntrk3	Ptprs	neighbors->center	0.7983606803266076	0.8786247156110464	-0.21998297814007575	0.607696151924038	0.607696151924038	0.7482346	1.3583828	640	0.9303702579090202	0.9303702579090202			
Il1rapl1	Ptprs	center->neighbors	0.43486202747834163	0.49483994542916016	-0.22112492723096117	0.6101949025487257	0.6101949025487257	0.11534899	1.6369756	2141	0.9303702579090202	0.9303702579090202			
Calr	Itga3	neighbors->center	0.48015043001808094	0.5562474814805187	-0.237476900453764	0.6341829085457271	0.6341829085457271	1.9879726	0.11534899	2325	0.9303702579090202	0.9303702579090202	ER_stress_UPR, antigen_presentation_MHCI, necrosis_DAMP	ECM_integrin_adhesion	
Lamb2	Dag1	center->neighbors	0.273986101337271	0.3175180626854411	-0.2597057705264404	0.6206896551724138	0.6206896551724138	0.40163237	0.5256873	640	0.9303702579090202	0.9303702579090202			
App	Tnfrsf21	neighbors->center	1.2443869695449372	1.3235640010111236	-0.2662874537476482	0.6341829085457271	0.6341829085457271	2.6244867	0.5906677	640	0.9303702579090202	0.9303702579090202			
Serpine2	Lrp1	center->neighbors	1.4212368954601595	1.4908885506110268	-0.27284370952474823	0.6301849075462269	0.6301849075462269	2.037718	1.1517508	2325	0.9303702579090202	0.9303702579090202		endocytosis, phagocytosis_efferocytosis	
Rtn4	Rtn4r	neighbors->center	1.0507422596381253	1.202743814190167	-0.2775962140296992	0.6036981509245377	0.6036981509245377	2.2058268	0.49435404	866	0.9303702579090202	0.9303702579090202			
L1cam	Egfr	neighbors->center	0.18151234155017748	0.23036178194994425	-0.28047568655965927	0.6361819090454772	0.6361819090454772	0.30608377	0.29675382	2141	0.9303702579090202	0.9303702579090202	axon_guidance_neurodevelopment	RTK_MAPK	
Arf1	Chrm3	neighbors->center	0.5625402949899735	0.6663895929581922	-0.28627812368342553	0.631184407796102	0.631184407796102	1.9120852	0.16875878	383	0.9303702579090202	0.9303702579090202	secretion_exocytosis		
Gnai2	Chrm1	neighbors->center	0.802777972582914	0.9322562156366659	-0.29663954698960965	0.6316841579210395	0.6316841579210395	1.3526193	0.5950488	640	0.9303702579090202	0.9303702579090202			
Lrpap1	Ldlr	neighbors->center	0.42642849764955104	0.5062753699516244	-0.2978522292775203	0.6366816591704147	0.6366816591704147	1.2665217	0.16242409	2325	0.9303702579090202	0.9303702579090202		endocytosis, fatty_acid_lipid	
Lrpap1	Sorl1	neighbors->center	1.0536018979902442	1.1519599544369343	-0.3477253537458336	0.6331834082958521	0.6331834082958521	1.2665217	0.9915419	2325	0.9303702579090202	0.9303702579090202			
C1qb	C1qbp	neighbors->center	0.7602942890519159	0.8279108080973642	-0.3520568160764485	0.6351824087956022	0.6351824087956022	1.0953454	0.6997566	640	0.9303702579090202	0.9303702579090202	complement, phagocytosis_efferocytosis		
Efnb3	Ephb6	center->neighbors	0.4219172989793356	0.5041961943500697	-0.35787714270875304	0.6206896551724138	0.6206896551724138	0.6714564	0.581716	2141	0.9303702579090202	0.9303702579090202			
Adam10	Tspan14	center->neighbors	0.2934654755791767	0.34584740338855663	-0.35893900973239595	0.6206896551724138	0.6206896551724138	0.5309922	0.42517665	2141	0.9303702579090202	0.9303702579090202	NOTCH_signaling		
Efna3	Epha7	neighbors->center	0.3073421205799705	0.3895590490715967	-0.36121376402841127	0.6191904047976012	0.6191904047976012	0.42140755	0.53301257	2325	0.9303702579090202	0.9303702579090202			
Agrn	Dag1	neighbors->center	0.49814061582587854	0.5636524396274315	-0.36323119581522695	0.6336831584207896	0.6336831584207896	0.7274106	0.7671386	598	0.9303702579090202	0.9303702579090202			
Cxcl12	Itgb1	center->neighbors	0.3219418511399425	0.38309719955961696	-0.3651380052542843	0.6006996501749126	0.6006996501749126	0.66054946	0.33843046	2141	0.9303702579090202	0.9303702579090202	leukocyte_chemotaxis	ECM_integrin_adhesion	
Spon1	Lrp8	center->neighbors	0.2282007150605146	0.2835779532612382	-0.3740437890415554	0.6051974012993503	0.6051974012993503	0.9797333	0.2269006	2325	0.9303702579090202	0.9303702579090202			
Lin7c	Kcnj4	neighbors->center	0.33299825039158376	0.46447007116710676	-0.37692812403443815	0.5962018990504747	0.5962018990504747	0.36341253	0.7968971	2141	0.9303702579090202	0.9303702579090202			
Gnai2	S1pr5	neighbors->center	0.38142153964882736	0.5403420999547064	-0.38099072404234097	0.6366816591704147	0.6366816591704147	1.3526193	0.13432972	640	0.9303702579090202	0.9303702579090202			
Slit2	Plxna1	center->neighbors	0.1270506566496889	0.1812986750451973	-0.3840196207714475	0.5962018990504747	0.5962018990504747	0.11534899	0.31118283	2325	0.9303702579090202	0.9303702579090202	axon_guidance_neurodevelopment	axon_guidance_neurodevelopment	axon_guidance_neurodevelopment
Efna3	Epha5	neighbors->center	0.42716656444936807	0.5223263504421476	-0.3843807403130372	0.6266866566716641	0.6266866566716641	0.42140755	1.0296457	2325	0.9303702579090202	0.9303702579090202			
Fndc5	Itgb5	neighbors->center	0.40529182977415074	0.48833638952229813	-0.38707723853203646	0.6251874062968515	0.6251874062968515	0.608046	0.6265082	2325	0.9303702579090202	0.9303702579090202		ECM_integrin_adhesion, phagocytosis_efferocytosis	
Psen1	Notch3	neighbors->center	0.08559371974796248	0.1282157595059812	-0.3953950367511586	0.63968015992004	0.63968015992004	0.23006323	0.20231815	1092	0.9303702579090202	0.9303702579090202		NOTCH_signaling	
Wnt7b	Fzd3_Lrp6	neighbors->center	0.1082351527554889	0.15345089027266826	-0.3989235182586998	0.63968015992004	0.63968015992004	0.26544678	0.13432972	866	0.9303702579090202	0.9303702579090202	WNT_signaling	WNT_signaling	WNT_signaling
Lgi3	Adam23	neighbors->center	0.8743956860747665	0.9806275531222441	-0.4078640575100681	0.6216891554222889	0.6216891554222889	1.086663	1.020657	866	0.9303702579090202	0.9303702579090202			
Col4a1	Itgav_Itgb8	center->neighbors	0.14649232727949565	0.19302490349235246	-0.41012166068445294	0.6271864067966016	0.6271864067966016	0.39935353	0.23464416	866	0.9303702579090202	0.9303702579090202	ECM_integrin_adhesion	ECM_integrin_adhesion, phagocytosis_efferocytosis	ECM_integrin_adhesion
Cxcl12	Grm7	neighbors->center	0.23707045425005063	0.30207773633355206	-0.4110542476002725	0.6301849075462269	0.6301849075462269	0.69245565	0.11534899	383	0.9303702579090202	0.9303702579090202	leukocyte_chemotaxis		
Col4a2	Itgb5	neighbors->center	0.15891964782737922	0.20507218714454803	-0.4133177545751425	0.623688155922039	0.623688155922039	0.13971134	0.6265082	2141	0.9303702579090202	0.9303702579090202	ECM_integrin_adhesion	ECM_integrin_adhesion, phagocytosis_efferocytosis	ECM_integrin_adhesion
Npy	Gpr83	neighbors->center	0.24273971767252892	0.37918273102883415	-0.42146414493149553	0.6026986506746627	0.6026986506746627	0.7758242	0.11534899	866	0.9303702579090202	0.9303702579090202			
Lman1	Mcfd2	neighbors->center	0.17561481723960284	0.23057088987965466	-0.4263129304370451	0.6211894052973513	0.6211894052973513	0.21901587	0.4282436	2325	0.9303702579090202	0.9303702579090202			
Adam9	Itgb1	neighbors->center	0.2630291606331689	0.3296149245972903	-0.4311835217259892	0.6296851574212894	0.6296851574212894	0.28346974	0.74433297	866	0.9303702579090202	0.9303702579090202		ECM_integrin_adhesion	
Fn1	Mag	neighbors->center	0.29091118340845173	0.38162438272256766	-0.4344754148155783	0.6296851574212894	0.6296851574212894	0.2111093	1.755208	383	0.9303702579090202	0.9303702579090202	ECM_integrin_adhesion, ECM_remodeling_fibrosis, EMT		
Adam10	Tspan12	center->neighbors	0.16280390840192632	0.21408993819602562	-0.4439853889824134	0.6361819090454772	0.6361819090454772	0.5309922	0.1749727	2325	0.9303702579090202	0.9303702579090202	NOTCH_signaling		
Lgi1	Adam22	neighbors->center	0.6380198887311048	0.7664019765179902	-0.44484055174868975	0.638680659670165	0.638680659670165	1.1553098	0.4121028	2141	0.9303702579090202	0.9303702579090202			
Fgf1	Fgfr3	center->neighbors	0.4343855349794981	0.5470585313726842	-0.4480478551748624	0.6261869065467266	0.6261869065467266	0.5362475	0.74870634	2141	0.9303702579090202	0.9303702579090202			
Bmp2	Eng	neighbors->center	0.02886239928950692	0.05416833967207582	-0.44915050640465176	0.6086956521739131	0.6086956521739131	0.19339462	0.11752458	1092	0.9303702579090202	0.9303702579090202	TGFb_signaling	angiogenesis	
Adam10	Notch2	neighbors->center	0.10159631879507411	0.16662634633640114	-0.4508854994099603	0.6376811594202898	0.6376811594202898	0.3633795	0.11534899	383	0.9303702579090202	0.9303702579090202	NOTCH_signaling	NOTCH_signaling	NOTCH_signaling
Bdnf	Ntrk2	neighbors->center	0.32746929766968796	0.4618579753387136	-0.4516186996074596	0.6226886556721639	0.6226886556721639	0.24647982	1.849695	598	0.9303702579090202	0.9303702579090202	axon_guidance_neurodevelopment	axon_guidance_neurodevelopment	axon_guidance_neurodevelopment
Adam10	Tspan15	center->neighbors	0.23534758700265818	0.3211906493360397	-0.4521697409239447	0.6316841579210395	0.6316841579210395	0.5309922	0.32433274	2325	0.9303702579090202	0.9303702579090202	NOTCH_signaling		
Efna3	Ephb6	neighbors->center	0.3182440251965062	0.42686289310057457	-0.4648416189942041	0.6391804097951025	0.6391804097951025	0.42140755	0.5714968	2325	0.9303702579090202	0.9303702579090202			
Lin7c	Htr2c	center->neighbors	0.26720455098751705	0.39686953760079396	-0.47614543506500895	0.6041979010494752	0.6041979010494752	0.86543095	0.26654744	866	0.9303702579090202	0.9303702579090202			
Pmch	Adra2a	neighbors->center	0.16590929740464913	0.3593718691697556	-0.47955894353608136	0.6376811594202898	0.6376811594202898	0.36632583	0.3056772	640	0.9303702579090202	0.9303702579090202			
Fstl5	Chl1	neighbors->center	0.17066741282223183	0.26468387431825663	-0.4814505370939179	0.6081959020489756	0.6081959020489756	0.1419584	0.7225723	2325	0.9303702579090202	0.9303702579090202			
Fgf1	Fgfr2	neighbors->center	0.21608425169871906	0.354158775369301	-0.48168577676407304	0.6021989005497251	0.6021989005497251	0.37283048	0.41564324	598	0.9303702579090202	0.9303702579090202			
Penk	Grm7	neighbors->center	0.18871964777541675	0.3215592949068152	-0.49337616189840794	0.6131934032983508	0.6131934032983508	0.58499354	0.11534899	2325	0.9303702579090202	0.9303702579090202			
Psen1	Notch2	neighbors->center	0.06462958403495075	0.12245265214489026	-0.4993161774492425	0.6346826586706646	0.6346826586706646	0.23006323	0.11534899	1092	0.9303702579090202	0.9303702579090202		NOTCH_signaling	
Sema5a	Plxnb3	neighbors->center	0.08247605019716454	0.16656021531090778	-0.5266642076757027	0.6216891554222889	0.6216891554222889	0.25066093	0.14413583	2141	0.9303702579090202	0.9303702579090202			
Sema4a	Plxnd1	center->neighbors	0.12714215896151462	0.2458143224018575	-0.5744593492677958	0.6271864067966016	0.6271864067966016	0.4399857	0.23467435	1092	0.9303702579090202	0.9303702579090202			
Cck	Cckbr	center->neighbors	0.22774490826941277	0.5594635960547232	-0.646441302323484	0.607696151924038	0.607696151924038	3.081964	0.16029379	1092	0.9303702579090202	0.9303702579090202			
Tgfb3	Itgb5	center->neighbors	0.04510688438681164	0.11706559928894876	-0.6493679254688806	0.6286856571714143	0.6286856571714143	0.11534899	0.16555052	1092	0.9303702579090202	0.9303702579090202	TGFb_signaling	ECM_integrin_adhesion, phagocytosis_efferocytosis	
Jag2	Notch2	neighbors->center	0.023928028607294802	0.08545950706733477	-0.6928504443058278	0.6286856571714143	0.6286856571714143	0.12986542	0.11534899	2456	0.9303702579090202	0.9303702579090202	NOTCH_signaling	NOTCH_signaling	NOTCH_signaling
Adam9	Itgb5	neighbors->center	0.24131463473836473	0.2979836808352483	-0.42285513537806074	0.6406796601699151	0.6406796601699151	0.28346974	0.6265082	866	0.9306459286159702	0.9306459286159702		ECM_integrin_adhesion, phagocytosis_efferocytosis	
Fn1	Itgav_Itgb1	neighbors->center	0.13105427980659995	0.17255829912470044	-0.4161563179194923	0.6421789105447276	0.6421789105447276	0.2111093	0.35621333	383	0.9316459194645103	0.9316459194645103	ECM_integrin_adhesion, ECM_remodeling_fibrosis, EMT	ECM_integrin_adhesion, phagocytosis_efferocytosis	ECM_integrin_adhesion
Efna3	Epha4	center->neighbors	0.5495961347164646	0.6799387208811074	-0.42743717804935477	0.6436781609195402	0.6436781609195402	0.25948483	1.1706657	383	0.932643388268035	0.932643388268035		axon_guidance_neurodevelopment	
Hspa8	Ldlr	neighbors->center	0.7400790449963518	0.844352227844194	-0.2459241639677857	0.6456771614192903	0.6456771614192903	3.356623	0.16242409	2325	0.9334566385149133	0.9334566385149133	proteostasis_heat_shock	endocytosis, fatty_acid_lipid	
Psap	Ar	center->neighbors	0.4685596968712675	0.5969247409734509	-0.44246414865260353	0.6466766616691654	0.6466766616691654	3.0442586	0.2343755	2141	0.9334566385149133	0.9334566385149133	autophagy_lysosome		
App	Tspan15	center->neighbors	0.5258893732648693	0.7283089299855688	-0.47369805942086796	0.6461769115442278	0.6461769115442278	2.6512914	0.32433274	2325	0.9334566385149133	0.9334566385149133			
Gnai2	Cnr1	center->neighbors	0.6960107917780968	0.8151404444375635	-0.3015346836011571	0.6511744127936032	0.6511744127936032	1.6791936	0.6250597	2325	0.9352492503748127	0.9352492503748127			
Nlgn1	Nrxn1	center->neighbors	0.9130304177896476	1.0274864358720612	-0.37218559335013357	0.6506746626686657	0.6506746626686657	0.43910298	1.9999167	598	0.9352492503748127	0.9352492503748127	synaptic_neurotransmission	synaptic_neurotransmission	synaptic_neurotransmission
Nrxn1	Nlgn1	neighbors->center	0.9130304177896476	1.0274864358720612	-0.37218559335013357	0.6506746626686657	0.6506746626686657	1.9999167	0.43910298	598	0.9352492503748127	0.9352492503748127	synaptic_neurotransmission	synaptic_neurotransmission	synaptic_neurotransmission
Fgf1	Fgfrl1	neighbors->center	0.11383338035215775	0.1791094604886851	-0.45904863830619147	0.6501749125437282	0.6501749125437282	0.37283048	0.11534899	598	0.9352492503748127	0.9352492503748127			
Cx3cl1	Itgav	neighbors->center	0.9264404296847106	1.0826476408667824	-0.44894026374397306	0.6591704147926037	0.6591704147926037	1.5861813	0.53280056	640	0.93691102532788	0.93691102532788	leukocyte_chemotaxis	ECM_integrin_adhesion, phagocytosis_efferocytosis	
Gnai2	Ednrb	neighbors->center	0.8058130597327299	0.9557950589539785	-0.4564191850811112	0.657671164417791	0.657671164417791	1.3526193	0.59955674	640	0.93691102532788	0.93691102532788			
App	Tspan12	center->neighbors	0.36378893002410423	0.479042769001572	-0.47561814251771994	0.6531734132933533	0.6531734132933533	2.6512914	0.1749727	2325	0.93691102532788	0.93691102532788			
Pmch	Mertk	neighbors->center	0.11357722084118717	0.228620359450219	-0.5031732041857018	0.6586706646676662	0.6586706646676662	0.36632583	0.14325312	640	0.93691102532788	0.93691102532788		phagocytosis_efferocytosis	
Cxcl12	Itgav	center->neighbors	0.3568794939629294	0.45946239013759943	-0.5058021891706966	0.6551724137931034	0.6551724137931034	0.66054946	0.44763833	2141	0.93691102532788	0.93691102532788	leukocyte_chemotaxis	ECM_integrin_adhesion, phagocytosis_efferocytosis	
L1cam	Ephb2	neighbors->center	0.12611305286196534	0.21651761891521057	-0.5150139477007858	0.6586706646676662	0.6586706646676662	0.30608377	0.14325312	2141	0.93691102532788	0.93691102532788	axon_guidance_neurodevelopment	axon_guidance_neurodevelopment	axon_guidance_neurodevelopment
Jam3	Itgb1	center->neighbors	0.2356802862716584	0.3748845382455929	-0.5376726093713663	0.657671164417791	0.657671164417791	0.35399488	0.33843046	2141	0.93691102532788	0.93691102532788		ECM_integrin_adhesion	
Mfge8	Itgav	center->neighbors	0.5694509995013177	0.7365457736283646	-0.556798343830763	0.6581709145427287	0.6581709145427287	1.681802	0.44763833	2141	0.93691102532788	0.93691102532788	phagocytosis_efferocytosis	ECM_integrin_adhesion, phagocytosis_efferocytosis	phagocytosis_efferocytosis
Pdyn	Adra2a	neighbors->center	0.04654784844303218	0.13857447044623342	-0.615445754346518	0.6596701649175413	0.6596701649175413	0.19339462	0.3056772	1092	0.93691102532788	0.93691102532788			
Calr	Itgav	neighbors->center	1.0319360070501082	1.1404033273502718	-0.40229822165366463	0.664167916041979	0.664167916041979	1.9879726	0.53280056	2325	0.9393642662063801	0.9393642662063801	ER_stress_UPR, antigen_presentation_MHCI, necrosis_DAMP	ECM_integrin_adhesion, phagocytosis_efferocytosis	
Mdk	Lrp1	center->neighbors	0.7360523399112512	0.8462539838524579	-0.40990141466217006	0.664167916041979	0.664167916041979	0.5465483	1.1517508	2325	0.9393642662063801	0.9393642662063801		endocytosis, phagocytosis_efferocytosis	
Pigf	Flt1	neighbors->center	0.1169398272981522	0.1643417566549563	-0.510062431120268	0.6646676661669165	0.6646676661669165	0.12716655	0.3761267	383	0.9393642662063801	0.9393642662063801		angiogenesis	
Il34	Ptprz1	neighbors->center	0.38999731082412015	0.5289892490769483	-0.5125437689058489	0.663168415792104	0.663168415792104	0.2834457	0.94307244	598	0.9393642662063801	0.9393642662063801			
Pltp	Abca1	neighbors->center	0.23535869347849767	0.32164608395229916	-0.48297500959599693	0.6701649175412294	0.6701649175412294	0.621055	0.14325312	2325	0.9431991470604967	0.9431991470604967			
Nptx2	Nptxr	center->neighbors	0.5175063237490135	0.7211584754426912	-0.4830524930210666	0.6686656671664168	0.6686656671664168	0.26013008	1.273016	2141	0.9431991470604967	0.9431991470604967			
Efna3	Epha7	center->neighbors	0.23224626476386862	0.3675570931374068	-0.5818618283178184	0.6701649175412294	0.6701649175412294	0.25948483	0.64569265	640	0.9431991470604967	0.9431991470604967			
Jag2	Notch3	neighbors->center	0.03168965090425018	0.09460872690095919	-0.7269023923964789	0.670664667666167	0.670664667666167	0.12986542	0.20231815	2456	0.9431991470604967	0.9431991470604967	NOTCH_signaling	NOTCH_signaling	NOTCH_signaling
Jam2	Itgav_Itgb1	neighbors->center	0.1567383714132231	0.21228083901477876	-0.4820499101332852	0.6721639180409795	0.6721639180409795	0.28906694	0.35621333	2325	0.943700311016653	0.943700311016653		ECM_integrin_adhesion, phagocytosis_efferocytosis	
Fgf1	Fgfr3	neighbors->center	0.33106716213952114	0.4799749370107807	-0.5866197786332334	0.672663668165917	0.672663668165917	0.37283048	0.9756785	598	0.943700311016653	0.943700311016653			
Bmp1	Bmpr1b	neighbors->center	0.058955702220657505	0.10962370867964354	-0.5428977730713669	0.6776611694152923	0.6776611694152923	0.1729651	0.27758285	640	0.9495520532416718	0.9495520532416718			
Sema4d	Plxnb2	center->neighbors	0.25596170015678893	0.38017509680331585	-0.5524645101757243	0.6796601699150425	0.6796601699150425	0.4121028	0.5038646	383	0.951193100161247	0.951193100161247	axon_guidance_neurodevelopment		
Mdk	Sdc4	neighbors->center	0.3220150813996612	0.4708063699542464	-0.6132831359515934	0.6811594202898551	0.6811594202898551	0.476676	0.93945676	640	0.9521315984343595	0.9521315984343595			
Efna3	Epha10	neighbors->center	0.154290581186972	0.22579709744341533	-0.4775871479330607	0.6856571714142928	0.6856571714142928	0.42140755	0.13432972	2325	0.9526240507315871	0.9526240507315871			
Efnb3	Epha4	neighbors->center	0.6669903408582263	0.8093773369697403	-0.49158532793612497	0.6846576711644178	0.6846576711644178	0.7352239	0.8878322	866	0.9526240507315871	0.9526240507315871		axon_guidance_neurodevelopment	
Fn1	Sdc2	neighbors->center	0.1455054671747373	0.21970573167899576	-0.5584915449087038	0.6826586706646677	0.6826586706646677	0.2111093	0.43910298	383	0.9526240507315871	0.9526240507315871	ECM_integrin_adhesion, ECM_remodeling_fibrosis, EMT		
Apoe	Chrna4	center->neighbors	0.5939977231940047	0.9426942066797767	-0.6184657784574991	0.6841579210394803	0.6841579210394803	4.6564374	0.3616282	644	0.9526240507315871	0.9526240507315871	fatty_acid_lipid		
Lgi1	Rtn4r	center->neighbors	0.3225405680865756	0.6114438004001223	-0.7369586390414502	0.6856571714142928	0.6856571714142928	0.70218456	0.53549194	383	0.9526240507315871	0.9526240507315871			
Ntrk3	Ptprf	neighbors->center	0.4026770303795027	0.5179047351853516	-0.4875387222371191	0.6871564217891054	0.6871564217891054	0.7482346	0.34557125	640	0.9535540200914036	0.9535540200914036			
Sema5a	Plxna1	neighbors->center	0.13447275072745188	0.23612685423842145	-0.6070410966926867	0.6916541729135433	0.6916541729135433	0.25066093	0.38316414	2141	0.9586376895991088	0.9586376895991088		axon_guidance_neurodevelopment	
App	Tspan15	neighbors->center	0.8090485909839691	1.0229832216830101	-0.4462540522194123	0.6991504247876063	0.6991504247876063	2.6244867	0.24967872	640	0.9602039835189294	0.9602039835189294			
Gnai2	Igf1r	center->neighbors	0.6010689323129639	0.7056643305553153	-0.4959944280167653	0.7001499250374813	0.7001499250374813	1.6791936	0.5360666	2325	0.9602039835189294	0.9602039835189294			
Fgf13	Scn8a	center->neighbors	0.7976636256848039	0.9699618989769281	-0.4999175016877526	0.703648175912044	0.703648175912044	0.95661575	0.8871035	2325	0.9602039835189294	0.9602039835189294			
Tcn2	Cnr1	center->neighbors	0.22064738250792362	0.31438570667528665	-0.5014240601599996	0.6996501749125438	0.6996501749125438	0.16875878	0.6250597	2325	0.9602039835189294	0.9602039835189294			
Nxph1	Nrxn1	neighbors->center	0.3975282716821267	0.5849422521030888	-0.5632593931046522	0.6956521739130435	0.6956521739130435	0.33238724	1.9496686	2325	0.9602039835189294	0.9602039835189294		synaptic_neurotransmission	
Adam10	Cadm1	center->neighbors	0.6409705776983041	0.7781521153001701	-0.5808513954283335	0.703648175912044	0.703648175912044	0.5309922	0.9622756	640	0.9602039835189294	0.9602039835189294	NOTCH_signaling		
Fn1	Itgav_Itgb8	neighbors->center	0.11568909609216249	0.17890718251300952	-0.594785531717799	0.7021489255372314	0.7021489255372314	0.2111093	0.27758285	383	0.9602039835189294	0.9602039835189294	ECM_integrin_adhesion, ECM_remodeling_fibrosis, EMT	ECM_integrin_adhesion, phagocytosis_efferocytosis	ECM_integrin_adhesion
Gnai2	Ptpru	center->neighbors	0.2248326678006508	0.35862157008659723	-0.6148232541482561	0.6951524237881059	0.6951524237881059	1.6791936	0.16833599	2325	0.9602039835189294	0.9602039835189294			
Efna3	Ephb6	center->neighbors	0.26228558050555467	0.42450561122569125	-0.649593154507351	0.7006496751624188	0.7006496751624188	0.25948483	0.581716	2141	0.9602039835189294	0.9602039835189294			
Reln	Lrp8	neighbors->center	0.09360352286184051	0.19184900685344936	-0.650362141091489	0.6956521739130435	0.6956521739130435	0.27370974	0.13432972	866	0.9602039835189294	0.9602039835189294	axon_guidance_neurodevelopment		
Penk	Oprl1	neighbors->center	0.19049105385273224	0.4018299614886412	-0.6511316102925304	0.696151924037981	0.696151924037981	0.58499354	0.11752458	2325	0.9602039835189294	0.9602039835189294			
Npy	Grm7	neighbors->center	0.24273971767252892	0.4415318561686856	-0.6727820343956991	0.7006496751624188	0.7006496751624188	0.7758242	0.11534899	866	0.9602039835189294	0.9602039835189294			
Slit2	Robo2	center->neighbors	0.12293700897833834	0.26356106998093	-0.6789499296265683	0.7026486756621689	0.7026486756621689	0.11534899	0.28576523	2325	0.9602039835189294	0.9602039835189294	axon_guidance_neurodevelopment	axon_guidance_neurodevelopment	axon_guidance_neurodevelopment
Bmp1	Bmpr1a	center->neighbors	0.18416310174936384	0.2505748620178738	-0.5270322373663738	0.7061469265367316	0.7061469265367316	0.11534899	0.59256834	598	0.9613303537804557	0.9613303537804557			
Plat	Itgam	neighbors->center	0.04535485833244287	0.10752731092398106	-0.657840163259019	0.7056471764117941	0.7056471764117941	0.24680713	0.2518543	2456	0.9613303537804557	0.9613303537804557	coagulation_wound	complement	
Pmch	Mchr1	neighbors->center	0.10287350664616161	0.25067724450729795	-0.5989660098402413	0.7071464267866067	0.7071464267866067	0.36632583	0.11752458	640	0.961551768494451	0.961551768494451			
Ptn	Plxnb2	center->neighbors	0.5992894371980437	0.7701527115936735	-0.5940352492053016	0.711144427786107	0.711144427786107	2.2590654	0.5038646	383	0.9635671551016946	0.9635671551016946			
Jam2	Itgav_Itgb1	center->neighbors	0.12623414675740155	0.1954907626195336	-0.6357559438157396	0.7106446776611695	0.7106446776611695	0.41843748	0.19960763	2141	0.9635671551016946	0.9635671551016946		ECM_integrin_adhesion, phagocytosis_efferocytosis	
Sst	Grm7	neighbors->center	0.39586076927209635	0.615759588178452	-0.6467064575101511	0.7106446776611695	0.7106446776611695	1.530266	0.11534899	2141	0.9635671551016946	0.9635671551016946			
Ptn	Cdh10	neighbors->center	0.640250218686907	0.7929493000034845	-0.5142780017117666	0.7171414292853573	0.7171414292853573	2.3347297	0.1783253	383	0.9650806175859438	0.9650806175859438			
Ntrk3	Ptprs	center->neighbors	0.8147526232235789	1.0160770154293057	-0.5869636293064314	0.7166416791604198	0.7166416791604198	0.40491357	1.6369756	2141	0.9650806175859438	0.9650806175859438			
Apoe	Lrp8	center->neighbors	0.49749643206024674	0.6870139534065547	-0.6359452208504396	0.7171414292853573	0.7171414292853573	4.6564374	0.2269006	2325	0.9650806175859438	0.9650806175859438	fatty_acid_lipid		
Pnoc	Grm7	center->neighbors	0.08053329039938169	0.16463974284040125	-0.6374852775860689	0.7176411794102948	0.7176411794102948	0.4121028	0.15604134	118	0.9650806175859438	0.9650806175859438			
Timp2	Itgb1	center->neighbors	0.517295836714279	0.6931903636718743	-0.6601261867185557	0.7181409295352323	0.7181409295352323	1.7054085	0.33843046	2141	0.9650806175859438	0.9650806175859438		ECM_integrin_adhesion	
Mdk	Sdc2	neighbors->center	0.22015118376242884	0.36619152762132773	-0.6660206714905275	0.7146426786606697	0.7146426786606697	0.476676	0.43910298	640	0.9650806175859438	0.9650806175859438			
Rtn4	Rtn4r	center->neighbors	0.5486425379006178	1.0030007191218089	-0.8030038440146037	0.7146426786606697	0.7146426786606697	2.0317092	0.53549194	383	0.9650806175859438	0.9650806175859438			
Actr2	Ldlr	neighbors->center	0.3884723906527341	0.5000399265101187	-0.4469495256986862	0.7266366816591704	0.7266366816591704	1.2080116	0.16242409	383	0.9663258648453551	0.9663258648453551	migration_invasion	endocytosis, fatty_acid_lipid	
Apoe	Abca1	neighbors->center	0.8083157876883247	0.996885690034544	-0.5156372525554336	0.7221389305347327	0.7221389305347327	4.5931253	0.14325312	383	0.9663258648453551	0.9663258648453551	fatty_acid_lipid		
Tln1	Itgb5	neighbors->center	0.4017692163837015	0.49801093870205493	-0.5662388495526579	0.7256371814092953	0.7256371814092953	0.46653458	0.6265082	640	0.9663258648453551	0.9663258648453551	ECM_integrin_adhesion	ECM_integrin_adhesion, phagocytosis_efferocytosis	ECM_integrin_adhesion
Ptn	Ptprz1	neighbors->center	1.472366023842924	1.6045038331747112	-0.5751387077457336	0.7211394302848576	0.7211394302848576	2.3347297	0.94307244	383	0.9663258648453551	0.9663258648453551			
Col4a2	Itgav_Itgb8	neighbors->center	0.1057817036652402	0.1668151329570823	-0.6224876202695033	0.7261369315342329	0.7261369315342329	0.13971134	0.27758285	2141	0.9663258648453551	0.9663258648453551	ECM_integrin_adhesion	ECM_integrin_adhesion, phagocytosis_efferocytosis	ECM_integrin_adhesion
Lgi3	Stx1a	neighbors->center	0.7738631015825218	1.0508975744487385	-0.6559143697672316	0.7236381809095452	0.7236381809095452	1.086663	0.7994514	866	0.9663258648453551	0.9663258648453551		synaptic_neurotransmission	
Wnt4	Fzd3_Lrp6	center->neighbors	0.05416507407088553	0.11500648979259465	-0.6820114805106676	0.7241379310344828	0.7241379310344828	0.47179952	0.18252727	153	0.9663258648453551	0.9663258648453551		WNT_signaling	
Pomc	Grm7	center->neighbors	0.06053865709576871	0.13355796858939586	-0.6948124558284312	0.7266366816591704	0.7266366816591704	0.23287357	0.15604134	118	0.9663258648453551	0.9663258648453551			
Pdyn	Grm7	center->neighbors	0.043006790278663165	0.17060906435715098	-0.8414090146278561	0.7266366816591704	0.7266366816591704	0.11752458	0.15604134	118	0.9663258648453551	0.9663258648453551			
Vtn	Itga3	center->neighbors	0.09969838089884159	0.19970856441246754	-0.7153939201966565	0.7296351824087957	0.7296351824087957	1.5673759	0.14993383	923	0.9680725457132867	0.9680725457132867	ECM_integrin_adhesion	ECM_integrin_adhesion	ECM_integrin_adhesion
Kitl	Lrrn3	neighbors->center	0.20849829952206606	0.3734581112436551	-0.7522783315495849	0.7296351824087957	0.7296351824087957	0.26682445	0.5026976	866	0.9680725457132867	0.9680725457132867			
Adam9	Itga3	neighbors->center	0.10354453177359198	0.17608679045815223	-0.5943899639074673	0.7306346826586707	0.7306346826586707	0.28346974	0.11534899	866	0.9682805655995532	0.9682805655995532		ECM_integrin_adhesion	
Olfm2	Robo2	center->neighbors	0.2561295212464773	0.5114250573423975	-0.7709902131931967	0.7321339330334833	0.7321339330334833	0.5006887	0.28576523	2325	0.9691496417689772	0.9691496417689772		axon_guidance_neurodevelopment	
Cntn6	Ptprg	center->neighbors	0.12216698503943059	0.2044054319219941	-0.5821217381217523	0.7341329335332334	0.7341329335332334	0.14325312	0.32746825	2325	0.9695617708387185	0.9695617708387185			
Efna3	Epha4	neighbors->center	0.39666037566071033	0.5977854736250058	-0.7284172680776876	0.7336331834082959	0.7336331834082959	0.42140755	0.8878322	2325	0.9695617708387185	0.9695617708387185		axon_guidance_neurodevelopment	
S100a1	Ryr2	neighbors->center	0.6966378817044777	0.8397210950551921	-0.5350815054482743	0.735632183908046	0.735632183908046	1.2742006	0.5287741	383	0.970426382675482	0.970426382675482			
Adam10	Nrcam	center->neighbors	0.69038072627012	0.8461736914774617	-0.649548058975341	0.7406296851574213	0.7406296851574213	0.5309922	1.0229061	383	0.9736653412424223	0.9736653412424223	NOTCH_signaling		
Vtn	Itgav_Itgb5	center->neighbors	0.16627330478344932	0.2605177510299815	-0.6961987463279521	0.7401299350324838	0.7401299350324838	1.5673759	0.16555052	1092	0.9736653412424223	0.9736653412424223	ECM_integrin_adhesion	ECM_integrin_adhesion, phagocytosis_efferocytosis	ECM_integrin_adhesion
Fgf13	Scn8a	neighbors->center	0.7330261038562701	0.9739209005889444	-0.698835072069703	0.7406296851574213	0.7406296851574213	1.1712639	0.53152984	598	0.9736653412424223	0.9736653412424223			
Lgi1	Adam23	center->neighbors	0.5539339380679642	0.7175234173921591	-0.6709596503269241	0.743128435782109	0.743128435782109	0.70218456	0.7548647	383	0.9747198318648894	0.9747198318648894			
Lgi3	Stx1a	center->neighbors	0.5769379264042	0.9879943240880639	-0.8334191489808124	0.7426286856571714	0.7426286856571714	0.88349783	0.54522985	640	0.9747198318648894	0.9747198318648894		synaptic_neurotransmission	
Gpi1	Amfr	center->neighbors	1.4691475409371726	1.6012062653803552	-0.5970321990803066	0.7451274362818591	0.7451274362818591	2.657511	1.0085074	866	0.9762273937147732	0.9762273937147732			
Gdf11	Actr2	center->neighbors	0.327372225223897	0.48031536924591384	-0.5003468684196057	0.751624187906047	0.751624187906047	0.11534899	1.2080116	383	0.976444782534841	0.976444782534841		migration_invasion	
Slit2	App	center->neighbors	0.5499088812324961	0.793281103184841	-0.5631310489607102	0.7701149425287356	0.7701149425287356	0.11534899	2.6244867	640	0.976444782534841	0.976444782534841	axon_guidance_neurodevelopment		
Cntn1	Notch1	neighbors->center	0.3982397250242217	0.558951247893456	-0.591491407248616	0.7931034482758621	0.7931034482758621	1.366444	0.13432972	383	0.976444782534841	0.976444782534841		NOTCH_signaling, angiogenesis	
Rtn4	Tnfrsf19	neighbors->center	0.6139179696915491	0.8085443461176979	-0.6021525198405643	0.7636181909045477	0.7636181909045477	2.2058268	0.16875878	866	0.976444782534841	0.976444782534841			
App	Rpsa	center->neighbors	3.147241833587372	3.244032055982021	-0.6289258450743858	0.7721139430284858	0.7721139430284858	2.6512914	3.7405975	598	0.976444782534841	0.976444782534841			
Hsp90b1	Lrp1	neighbors->center	1.5528859020548322	1.6651214848572427	-0.631834763117133	0.7706146926536732	0.7706146926536732	1.7097816	1.4117168	383	0.976444782534841	0.976444782534841		endocytosis, phagocytosis_efferocytosis	
Bdnf	Ntrk2	center->neighbors	0.4377371512105571	0.6834169896361199	-0.640253608559571	0.7546226886556722	0.7546226886556722	0.11752458	1.8124521	2141	0.976444782534841	0.976444782534841	axon_guidance_neurodevelopment	axon_guidance_neurodevelopment	axon_guidance_neurodevelopment
Lrrc4b	Ptprs	center->neighbors	1.2324571605623877	1.3835539551215856	-0.6402972069535391	0.7566216891554223	0.7566216891554223	0.92651933	1.6369756	2141	0.976444782534841	0.976444782534841			
Bmp1	Bmpr2	center->neighbors	0.3337178736415518	0.470629053269664	-0.6585820395367574	0.7536231884057971	0.7536231884057971	0.11534899	0.94155216	383	0.976444782534841	0.976444782534841			
Sema4a	Plxnb1	center->neighbors	0.19307937053047286	0.2973495386849566	-0.6771975006405876	0.7706146926536732	0.7706146926536732	0.4399857	0.42993405	383	0.976444782534841	0.976444782534841		axon_guidance_neurodevelopment	
Apoe	Lrp8	neighbors->center	0.7827355735907038	1.0390245657376032	-0.6846680189218065	0.8085957021489255	0.8085957021489255	4.5931253	0.13432972	383	0.976444782534841	0.976444782534841	fatty_acid_lipid		
Agrn	Atp1a3	neighbors->center	0.931560514597599	1.1470447390671732	-0.6935101473030996	0.7641179410294853	0.7641179410294853	0.7274106	2.6828232	598	0.976444782534841	0.976444782534841			
Ncam1	Robo1	neighbors->center	0.38088391314262066	0.5582023697628714	-0.6945176756852823	0.7996001999000499	0.7996001999000499	1.1433457	0.16242409	2141	0.976444782534841	0.976444782534841	axon_guidance_neurodevelopment, cytotoxic_T_NK	axon_guidance_neurodevelopment	axon_guidance_neurodevelopment
Adam10	Trem2	neighbors->center	0.21864651369904695	0.3240470920630776	-0.7123117598087687	0.7641179410294853	0.7641179410294853	0.3633795	0.53424805	383	0.976444782534841	0.976444782534841	NOTCH_signaling		
Sema6a	Plxna4	center->neighbors	0.18017538280871703	0.28025676551432527	-0.7271180254139912	0.7626186906546727	0.7626186906546727	0.13432972	0.5333413	2141	0.976444782534841	0.976444782534841			
Fstl1	Dip2a	neighbors->center	0.09657313442329543	0.18018411416698163	-0.7286860344775559	0.7526236881559221	0.7526236881559221	0.159215	0.3030885	383	0.976444782534841	0.976444782534841			
Sirpa	Cd47	center->neighbors	1.1940416220964392	1.3992281351119626	-0.7300852809074589	0.776111944027986	0.776111944027986	1.5834731	1.110275	640	0.976444782534841	0.976444782534841	phagocytosis_efferocytosis	phagocytosis_efferocytosis	phagocytosis_efferocytosis
Cd47	Sirpa	neighbors->center	1.1940416220964392	1.3992281351119626	-0.7300852809074589	0.776111944027986	0.776111944027986	1.110275	1.5834731	640	0.976444782534841	0.976444782534841	phagocytosis_efferocytosis	phagocytosis_efferocytosis	phagocytosis_efferocytosis
Efnb3	Ephb1	center->neighbors	0.1645240488785927	0.36806002346831046	-0.7305228977803971	0.7546226886556722	0.7546226886556722	0.6714564	0.25707915	118	0.976444782534841	0.976444782534841			
Apoe	Vldlr	center->neighbors	0.8108729766275147	1.0513859677681137	-0.7305999657493367	0.760119940029985	0.760119940029985	4.6564374	0.30570632	2141	0.976444782534841	0.976444782534841	fatty_acid_lipid		
Pomc	Oprl1	center->neighbors	0.05709385848586188	0.20343387391221393	-0.7321932369849733	0.7641179410294853	0.7641179410294853	0.23287357	0.14304855	2141	0.976444782534841	0.976444782534841			
Calr	Lrp1	neighbors->center	1.679748353294228	1.8059099415341873	-0.7322224158989291	0.7971014492753623	0.7971014492753623	1.9879726	1.4117168	2325	0.976444782534841	0.976444782534841	ER_stress_UPR, antigen_presentation_MHCI, necrosis_DAMP	endocytosis, phagocytosis_efferocytosis	
Tgfa	Erbb4	center->neighbors	0.0821077590343573	0.16442025393565363	-0.7398813341148958	0.767616191904048	0.767616191904048	0.1783253	0.13110915	866	0.976444782534841	0.976444782534841			
Lrpap1	Lrp1	neighbors->center	1.2571722867951527	1.4389178025683313	-0.7413289039216252	0.7891054472763618	0.7891054472763618	1.2665217	1.4117168	2325	0.976444782534841	0.976444782534841		endocytosis, phagocytosis_efferocytosis	
Agrn	Lrp1	neighbors->center	0.675754336092882	0.857431773155403	-0.7518715829749699	0.7701149425287356	0.7701149425287356	0.7274106	1.4117168	598	0.976444782534841	0.976444782534841		endocytosis, phagocytosis_efferocytosis	
Sema4g	Plxnb2	center->neighbors	0.14613635719085905	0.26471982193900456	-0.7535583392945919	0.7781109445277361	0.7781109445277361	0.13432972	0.5038646	383	0.976444782534841	0.976444782534841			
Bdnf	Sort1	center->neighbors	0.30724050868422803	0.5511252633702618	-0.7559620708796277	0.7946026986506747	0.7946026986506747	0.11752458	0.9603272	866	0.976444782534841	0.976444782534841	axon_guidance_neurodevelopment		
Timp3	Ddr1	neighbors->center	0.35335060208199254	0.5853710600354483	-0.7614196119123496	0.7491254372813593	0.7491254372813593	0.6747775	0.45827395	2141	0.976444782534841	0.976444782534841	ECM_remodeling_fibrosis		
Adam10	Tspan12	neighbors->center	0.17427385812463006	0.28626420208463654	-0.7622810471627428	0.8085957021489255	0.8085957021489255	0.3633795	0.3394082	383	0.976444782534841	0.976444782534841	NOTCH_signaling		
Nrxn1	Nlgn3	center->neighbors	0.8551674925209075	1.0689174566926218	-0.7630941685553466	0.7851074462768616	0.7851074462768616	1.9496686	0.74522966	383	0.976444782534841	0.976444782534841	synaptic_neurotransmission	synaptic_neurotransmission	synaptic_neurotransmission
Nlgn3	Nrxn1	neighbors->center	0.8551674925209075	1.0689174566926218	-0.7630941685553466	0.7851074462768616	0.7851074462768616	0.74522966	1.9496686	383	0.976444782534841	0.976444782534841	synaptic_neurotransmission	synaptic_neurotransmission	synaptic_neurotransmission
Pdgfa	Pdgfra	neighbors->center	0.2623885836899412	0.401089146436525	-0.7698860317518292	0.7926036981509246	0.7926036981509246	0.42987052	0.4282436	2141	0.976444782534841	0.976444782534841			
Sdc2	Ptprj	center->neighbors	0.2369133271331249	0.3600343383364541	-0.7773657389815277	0.7881059470264867	0.7881059470264867	0.43910298	0.40612882	2325	0.976444782534841	0.976444782534841			
Gnas	Adcy8	neighbors->center	0.6240112200701736	0.9620085645655273	-0.781281567597653	0.8105947026486756	0.8105947026486756	3.360874	0.11752458	2325	0.976444782534841	0.976444782534841			
Lgals8	Itga3	neighbors->center	0.04510688438681164	0.13236096308393558	-0.7876786967409845	0.7526236881559221	0.7526236881559221	0.16555052	0.11534899	1092	0.976444782534841	0.976444782534841		ECM_integrin_adhesion	
Slit1	Robo1	neighbors->center	0.050558930335062424	0.14823336172546173	-0.7880006596109886	0.7521239380309845	0.7521239380309845	0.15604134	0.16242409	118	0.976444782534841	0.976444782534841	axon_guidance_neurodevelopment	axon_guidance_neurodevelopment	axon_guidance_neurodevelopment
Ptdss1	Jmjd6	center->neighbors	0.14188038842853565	0.22786143426102864	-0.7891116379860276	0.7726136931534233	0.7726136931534233	0.440604	0.20731114	2325	0.976444782534841	0.976444782534841			
Cntn4	Aplp1	center->neighbors	0.5723871246325524	0.9000977956357827	-0.7946516517653988	0.8020989505247377	0.8020989505247377	0.11752458	2.7995114	383	0.976444782534841	0.976444782534841			
Pnoc	Oprl1	center->neighbors	0.07595075043131128	0.23973995743177648	-0.7947153745829978	0.7806096951524237	0.7806096951524237	0.4121028	0.14304855	2141	0.976444782534841	0.976444782534841			
Spon1	App	neighbors->center	0.8591846128136035	1.2024934590342022	-0.8036855286980226	0.7886056971514243	0.7886056971514243	0.52589434	2.6512914	640	0.976444782534841	0.976444782534841			
Nxph1	Nrxn2	neighbors->center	0.2883223991088771	0.5165286110449039	-0.8060808498369523	0.7861069465267366	0.7861069465267366	0.33238724	1.0256083	2325	0.976444782534841	0.976444782534841		synaptic_neurotransmission	
App	Rpsa	neighbors->center	3.11486768621902	3.237421263233674	-0.8101154057256987	0.8150924537731135	0.8150924537731135	2.6244867	3.7009356	640	0.976444782534841	0.976444782534841			
Slc6a8	Lifr	neighbors->center	0.2401232213554032	0.37588008854648164	-0.8113527046017595	0.7961019490254873	0.7961019490254873	0.53228575	0.3065599	383	0.976444782534841	0.976444782534841		JAK_STAT	
Lin7c	Htr2c	neighbors->center	0.21491366303290713	0.42818458294845413	-0.8128393545529321	0.7996001999000499	0.7996001999000499	0.36341253	0.33192992	2141	0.976444782534841	0.976444782534841			
Slit1	Flrt3	neighbors->center	0.043006790278663165	0.1526519116192705	-0.8143443948833806	0.7486256871564217	0.7486256871564217	0.15604134	0.11752458	118	0.976444782534841	0.976444782534841	axon_guidance_neurodevelopment		
Fndc5	Itgav	neighbors->center	0.3737548242567663	0.5915509552052399	-0.8147934235156771	0.7726136931534233	0.7726136931534233	0.608046	0.53280056	2325	0.976444782534841	0.976444782534841		ECM_integrin_adhesion, phagocytosis_efferocytosis	
Adam9	Itgb1	center->neighbors	0.20903089733139574	0.3483921786756614	-0.8196323058336357	0.8000999500249875	0.8000999500249875	0.27846554	0.33843046	2141	0.976444782534841	0.976444782534841		ECM_integrin_adhesion	
Apln	Grm7	center->neighbors	0.07123793693100454	0.16733977539480538	-0.8235466126306022	0.7951024487756122	0.7951024487756122	0.32246113	0.15604134	118	0.976444782534841	0.976444782534841	angiogenesis		
Slit1	Gpc1	neighbors->center	0.09494421643668273	0.23324028962535695	-0.8247820645969863	0.7776111944027986	0.7776111944027986	0.15604134	0.5727851	118	0.976444782534841	0.976444782534841	axon_guidance_neurodevelopment		
Timp2	Itga3	neighbors->center	0.23510349462448626	0.47320324699960475	-0.8306945848177143	0.8145927036481759	0.8145927036481759	0.784754	0.11534899	383	0.976444782534841	0.976444782534841		ECM_integrin_adhesion	
Cx3cl1	Itgav	center->neighbors	0.6122058493885679	0.9057171958773653	-0.8318002552658372	0.7766116941529235	0.7766116941529235	1.9438246	0.44763833	2141	0.976444782534841	0.976444782534841	leukocyte_chemotaxis	ECM_integrin_adhesion, phagocytosis_efferocytosis	
Fgfr3	Epha4	neighbors->center	0.5589309550155303	0.7867012944082026	-0.8447312785248101	0.7936031984007996	0.7936031984007996	0.74870634	0.8878322	2141	0.976444782534841	0.976444782534841		axon_guidance_neurodevelopment	
Lgi4	Adam22	center->neighbors	0.27631771155012996	0.41487281221501576	-0.8461754908020093	0.8340829585207397	0.8340829585207397	0.5830372	0.4406137	598	0.976444782534841	0.976444782534841			
Rgmb	Neo1	center->neighbors	0.2607484305139485	0.39336229225935593	-0.846420857950574	0.8065967016491754	0.8065967016491754	0.6265082	0.2984392	598	0.976444782534841	0.976444782534841			
Gas6	Mertk	neighbors->center	0.09608828605411275	0.22168669312322217	-0.8476662464460086	0.7801099450274862	0.7801099450274862	0.3093876	0.14325312	1092	0.976444782534841	0.976444782534841	phagocytosis_efferocytosis	phagocytosis_efferocytosis	phagocytosis_efferocytosis
Lgi2	Adam23	center->neighbors	0.2509679832794728	0.4421011694140283	-0.8574713067315101	0.8205897051474262	0.8205897051474262	0.14413583	0.7548647	383	0.976444782534841	0.976444782534841			
Cthrc1	Fzd3	center->neighbors	0.13547627897436876	0.2939764811516037	-0.8600315408931024	0.8175912043978011	0.8175912043978011	0.11534899	0.5606178	2141	0.976444782534841	0.976444782534841	ECM_remodeling_fibrosis		
Slit1	Robo2	neighbors->center	0.07693779807711626	0.24052693449244247	-0.8618406070698597	0.7586206896551724	0.7586206896551724	0.15604134	0.3761267	118	0.976444782534841	0.976444782534841	axon_guidance_neurodevelopment	axon_guidance_neurodevelopment	axon_guidance_neurodevelopment
Rgmb	Bmpr2	neighbors->center	0.3531953322055107	0.5235659732735245	-0.8627361147536186	0.792103948025987	0.792103948025987	0.36941344	0.68111765	2141	0.976444782534841	0.976444782534841			
Fgf9	Fgfr3	center->neighbors	0.2014649997799652	0.38949655042509146	-0.8654605311170982	0.8250874562718641	0.8250874562718641	0.11534899	0.74870634	2141	0.976444782534841	0.976444782534841			
Pdyn	Oprl1	neighbors->center	0.02886239928950692	0.2228100763496947	-0.8687326526919698	0.8255872063968016	0.8255872063968016	0.19339462	0.11752458	1092	0.976444782534841	0.976444782534841			
Hebp1	Grm7	neighbors->center	0.11786790784601761	0.2347599103711306	-0.8694186753050472	0.7996001999000499	0.7996001999000499	0.28053576	0.11534899	383	0.976444782534841	0.976444782534841			
Pdyn	Oprl1	center->neighbors	0.04055959692511883	0.2547306105051641	-0.8704517319652101	0.7471264367816092	0.7471264367816092	0.11752458	0.14304855	2141	0.976444782534841	0.976444782534841			
Alcam	Chl1	neighbors->center	0.4815752868269727	0.7997266659912047	-0.8712172329891025	0.783608195902049	0.783608195902049	0.56168205	0.7225723	383	0.976444782534841	0.976444782534841			
Vcl	Itgb5	neighbors->center	0.11873487487198806	0.2230332311770868	-0.8790214604124776	0.8195902048975512	0.8195902048975512	0.22146912	0.6265082	923	0.976444782534841	0.976444782534841	ECM_integrin_adhesion	ECM_integrin_adhesion, phagocytosis_efferocytosis	ECM_integrin_adhesion
Cntn2	Nrcam	center->neighbors	0.5281339716770556	0.7614333237031005	-0.8824090093087322	0.8270864567716142	0.8270864567716142	0.31074134	1.0229061	383	0.976444782534841	0.976444782534841			
Cd47	Sirpa	center->neighbors	1.147631706267177	1.4040318432016303	-0.8835072496854242	0.800599700149925	0.800599700149925	1.433741	1.0801417	640	0.976444782534841	0.976444782534841	phagocytosis_efferocytosis	phagocytosis_efferocytosis	phagocytosis_efferocytosis
Sirpa	Cd47	neighbors->center	1.147631706267177	1.4040318432016303	-0.8835072496854242	0.800599700149925	0.800599700149925	1.0801417	1.433741	640	0.976444782534841	0.976444782534841	phagocytosis_efferocytosis	phagocytosis_efferocytosis	phagocytosis_efferocytosis
Adam9	Itgav	neighbors->center	0.22253719249906423	0.3595042833843499	-0.8865532577858727	0.8135932033983009	0.8135932033983009	0.28346974	0.53280056	866	0.976444782534841	0.976444782534841		ECM_integrin_adhesion, phagocytosis_efferocytosis	
Lgals3bp	Itgb1	center->neighbors	0.134533876469692	0.30276690940379447	-0.8884420052127554	0.856071964017991	0.856071964017991	0.11534899	0.33843046	2141	0.976444782534841	0.976444782534841		ECM_integrin_adhesion	
Penk	Grm7	center->neighbors	0.08876802268584859	0.2804960459072621	-0.8884870974175526	0.8345827086456772	0.8345827086456772	0.5006887	0.15604134	118	0.976444782534841	0.976444782534841			
Npy	Grm7	center->neighbors	0.14186801843276442	0.3512045153986355	-0.888630492649368	0.8045977011494253	0.8045977011494253	1.278862	0.15604134	118	0.976444782534841	0.976444782534841			
Cntn2	Nrcam	neighbors->center	0.3871437292424127	0.6380004795651437	-0.8903554085407636	0.7906046976511744	0.7906046976511744	0.39769602	1.280369	866	0.976444782534841	0.976444782534841			
Fam3c	Glra2	center->neighbors	0.06570518671775502	0.2104657979327577	-0.8903749910524904	0.8020989505247377	0.8020989505247377	0.14413583	0.16238792	2325	0.976444782534841	0.976444782534841			
Ptdss1	Jmjd6	neighbors->center	0.18621744057380188	0.31384599512868794	-0.8910447161470232	0.8480759620189905	0.8480759620189905	0.6487669	0.11752458	598	0.976444782534841	0.976444782534841			
Slitrk3	Ptprs	center->neighbors	0.4846147509446698	0.7307094110707804	-0.8938591276424609	0.816591704147926	0.816591704147926	0.14325312	1.6369756	2141	0.976444782534841	0.976444782534841			
Spon1	Lrp8	neighbors->center	0.1933943681773292	0.3585317549552452	-0.8950192806545766	0.8130934532733634	0.8130934532733634	0.52589434	0.13432972	640	0.976444782534841	0.976444782534841			
Pdyn	Grm7	neighbors->center	0.028594002003263945	0.16715396773042346	-0.8966228650589223	0.7946026986506747	0.7946026986506747	0.19339462	0.11534899	1092	0.976444782534841	0.976444782534841			
Lrpap1	Lrp8	neighbors->center	0.3877993345224476	0.6042041797823128	-0.9005298754571078	0.8480759620189905	0.8480759620189905	1.2665217	0.13432972	2325	0.976444782534841	0.976444782534841			
Fgf13	Fgfr3	center->neighbors	0.5801782960227827	0.8033810022668753	-0.9014806321847189	0.8205897051474262	0.8205897051474262	0.95661575	0.74870634	2141	0.976444782534841	0.976444782534841			
Sema6b	Plxna2	center->neighbors	0.2552420872797715	0.461797661529306	-0.9044749169204334	0.7926036981509246	0.7926036981509246	0.82288545	0.28614455	598	0.976444782534841	0.976444782534841			
Adam15	Itgb1	center->neighbors	0.31025933032361036	0.47072513370464425	-0.9155563921067239	0.8120939530234883	0.8120939530234883	0.6134797	0.33843046	2141	0.976444782534841	0.976444782534841		ECM_integrin_adhesion	
Nfasc	Cntn1_Cntnap1	neighbors->center	0.5396002634375049	0.7774075517365536	-0.9246319604130419	0.8280859570214892	0.8280859570214892	0.6773404	0.76880276	640	0.976444782534841	0.976444782534841			
Rtn4	Rtn4rl1	neighbors->center	0.7612602241411607	1.175886995503463	-0.9263220971277337	0.809095452273863	0.809095452273863	2.2058268	0.25948483	866	0.976444782534841	0.976444782534841			
Pdgfa	Pdgfra	center->neighbors	0.16170738763017395	0.3043666427695969	-0.9301180967727098	0.8185907046476761	0.8185907046476761	0.8061566	0.29407984	640	0.976444782534841	0.976444782534841			
Gnai2	Adcy8	neighbors->center	0.3567660399556319	0.6190424239696408	-0.9315209478836174	0.8455772113943029	0.8455772113943029	1.3526193	0.11752458	640	0.976444782534841	0.976444782534841			
Itgb3bp	Itgb5	center->neighbors	0.059738370073690206	0.17049780331400233	-0.9381991916074295	0.8105947026486756	0.8105947026486756	0.20231815	0.16555052	1092	0.976444782534841	0.976444782534841		ECM_integrin_adhesion, phagocytosis_efferocytosis	
Apoe	Chrna4	neighbors->center	0.7321386988939419	1.2662956761196928	-0.9436158531394456	0.8460769615192404	0.8460769615192404	4.5931253	0.11752458	383	0.976444782534841	0.976444782534841	fatty_acid_lipid		
Kitl	Lrrn3	center->neighbors	0.18507347714722794	0.37045909319462733	-0.9473868352796917	0.8120939530234883	0.8120939530234883	0.13432972	0.5862323	2325	0.976444782534841	0.976444782534841			
Fndc5	Itgav	center->neighbors	0.32084633053022193	0.5565780086166646	-0.9483719555650698	0.8380809595202399	0.8380809595202399	0.53389555	0.44763833	2141	0.976444782534841	0.976444782534841		ECM_integrin_adhesion, phagocytosis_efferocytosis	
Edil3	Itgav	neighbors->center	0.6221589738171351	0.870531756700187	-0.951071696997295	0.8150924537731135	0.8150924537731135	0.87796384	0.53280056	2141	0.976444782534841	0.976444782534841		ECM_integrin_adhesion, phagocytosis_efferocytosis	
Pdgfb	Itgav	center->neighbors	0.1609366591719769	0.3165021983934986	-0.9512004378962116	0.8470764617691154	0.8470764617691154	0.13432972	0.44763833	2141	0.976444782534841	0.976444782534841	angiogenesis	ECM_integrin_adhesion, phagocytosis_efferocytosis	
Itgav	Thy1	neighbors->center	0.6751855001685698	1.000921414981739	-0.9521568019701482	0.8215892053973014	0.8215892053973014	0.44763833	2.3643315	2141	0.976444782534841	0.976444782534841	ECM_integrin_adhesion, phagocytosis_efferocytosis		
Mdk	Sorl1	neighbors->center	0.3308212191073216	0.5236302711978037	-0.953909838044861	0.8290854572713643	0.8290854572713643	0.476676	0.9915419	640	0.976444782534841	0.976444782534841			
Pigf	Flt1	center->neighbors	0.08229736175886312	0.19393862926959676	-0.967574135370622	0.8425787106446777	0.8425787106446777	0.14325312	0.24752538	2141	0.976444782534841	0.976444782534841		angiogenesis	
Sptan1	Ptpra	center->neighbors	1.2530446873519205	1.4831282975850655	-0.9682994859671189	0.8310844577711144	0.8310844577711144	1.579223	1.1769942	640	0.976444782534841	0.976444782534841			
Timp2	Itga3	center->neighbors	0.10399578589445217	0.29216622478495424	-0.9689648658195439	0.8245877061469266	0.8245877061469266	1.7054085	0.14993383	923	0.976444782534841	0.976444782534841		ECM_integrin_adhesion	
Wnt7b	Fzd3_Lrp6	center->neighbors	0.040169513398444434	0.12361652109245011	-0.9728606664419347	0.8495752123938031	0.8495752123938031	0.25948483	0.18252727	153	0.976444782534841	0.976444782534841	WNT_signaling	WNT_signaling	WNT_signaling
Mdk	Sdc3	neighbors->center	0.3159874598793586	0.5639586418472609	-0.9760598982680562	0.8195902048975512	0.8195902048975512	0.476676	0.9046156	640	0.976444782534841	0.976444782534841			
Ncam1	Ncam2	center->neighbors	0.1389906701133076	0.3115960557939635	-0.9808721377223346	0.8325837081459271	0.8325837081459271	1.1096685	0.16455105	923	0.976444782534841	0.976444782534841	axon_guidance_neurodevelopment, cytotoxic_T_NK		
Calr	Itgav	center->neighbors	0.6401312487621841	0.9333362574012792	-0.9949114190768474	0.8355822088955522	0.8355822088955522	2.125202	0.44763833	2141	0.976444782534841	0.976444782534841	ER_stress_UPR, antigen_presentation_MHCI, necrosis_DAMP	ECM_integrin_adhesion, phagocytosis_efferocytosis	
Adam9	Itga3	center->neighbors	0.04202301887976059	0.1449625592926068	-0.9983738652502891	0.8545727136431784	0.8545727136431784	0.27846554	0.14993383	923	0.976444782534841	0.976444782534841		ECM_integrin_adhesion	
Cntn2	Cntn1	center->neighbors	0.6057006538496853	0.9820881089831647	-1.0011666019282635	0.855072463768116	0.855072463768116	0.31074134	1.366444	383	0.976444782534841	0.976444782534841			
Agrn	Atp1a3	center->neighbors	1.0921492570722608	1.3677903276757224	-1.002534194336143	0.8460769615192404	0.8460769615192404	0.43972132	2.6762426	2325	0.976444782534841	0.976444782534841			
Adam9	Itgav	center->neighbors	0.23171526972126438	0.4034781427828823	-1.0037045279766958	0.8505747126436781	0.8505747126436781	0.27846554	0.44763833	2141	0.976444782534841	0.976444782534841		ECM_integrin_adhesion, phagocytosis_efferocytosis	
Psen1	Notch1	neighbors->center	0.06974459074262365	0.1904181215226342	-1.0041213562866877	0.8520739630184908	0.8520739630184908	0.23006323	0.13432972	1092	0.976444782534841	0.976444782534841		NOTCH_signaling, angiogenesis	
Ncam1	Ptprz1	center->neighbors	1.077897541175279	1.3285169553595977	-1.0071468600351319	0.8350824587706147	0.8350824587706147	1.1096685	1.5226748	2141	0.976444782534841	0.976444782534841	axon_guidance_neurodevelopment, cytotoxic_T_NK		
L1cam	Cd9	neighbors->center	0.3950267838446546	0.6495189177769878	-1.0086437138094968	0.8355822088955522	0.8355822088955522	0.30608377	1.4055202	2141	0.976444782534841	0.976444782534841	axon_guidance_neurodevelopment		
Mdk	Lrp1	neighbors->center	0.3947404335776342	0.6740336840003196	-1.0093950500091586	0.8310844577711144	0.8310844577711144	0.476676	1.4117168	640	0.976444782534841	0.976444782534841		endocytosis, phagocytosis_efferocytosis	
Omg	Rtn4r	neighbors->center	0.41379893040655763	0.7988587701056518	-1.009443083613307	0.8265867066466767	0.8265867066466767	0.7733126	0.49435404	866	0.976444782534841	0.976444782534841			
Mdk	Sdc3	center->neighbors	0.4117200673150434	0.6752956772541684	-1.0167202747245747	0.8495752123938031	0.8495752123938031	0.5465483	0.5602467	2325	0.976444782534841	0.976444782534841			
Calr	Itga3	center->neighbors	0.11609181954529531	0.33368797524039756	-1.0189099170219524	0.84007996001999	0.84007996001999	2.125202	0.14993383	923	0.976444782534841	0.976444782534841	ER_stress_UPR, antigen_presentation_MHCI, necrosis_DAMP	ECM_integrin_adhesion	
Cntn1	Nrcam	neighbors->center	1.2294931527504118	1.5233613947134637	-1.0202491395081414	0.8380809595202399	0.8380809595202399	1.366444	1.280369	383	0.976444782534841	0.976444782534841			
Psap	Lrp1	neighbors->center	2.062360034977459	2.25893339804093	-1.0228927379839114	0.8600699650174912	0.8600699650174912	3.0189118	1.4117168	383	0.976444782534841	0.976444782534841	autophagy_lysosome	endocytosis, phagocytosis_efferocytosis	
Mdk	Ncl	neighbors->center	0.3799909609503096	0.6615857117703597	-1.0403921981563857	0.8360819590204898	0.8360819590204898	0.476676	1.3081902	640	0.976444782534841	0.976444782534841			
Slitrk2	Ptprs	neighbors->center	0.14559840713236788	0.3404051376930147	-1.041847347212591	0.8465767116441779	0.8465767116441779	0.22665466	1.3583828	2141	0.976444782534841	0.976444782534841			
Mdk	Ncl	center->neighbors	0.5516474958046884	0.8269077889444105	-1.0476790089393864	0.8585707146426786	0.8585707146426786	0.5465483	0.8597675	2141	0.976444782534841	0.976444782534841			
App	Vldlr	center->neighbors	0.6118636840193652	0.9172792727105671	-1.0495043639958017	0.8505747126436781	0.8505747126436781	2.6512914	0.30570632	2141	0.976444782534841	0.976444782534841			
Cntn4	Ptprg	center->neighbors	0.11065375667495107	0.28131812585719235	-1.0523124665777008	0.8610694652673663	0.8610694652673663	0.11752458	0.32746825	2325	0.976444782534841	0.976444782534841			
Efna3	Ephb1	center->neighbors	0.10227664245485554	0.24643431651570402	-1.0566911317075274	0.8590704647676162	0.8590704647676162	0.25948483	0.25707915	118	0.976444782534841	0.976444782534841			
Rtn4	Lingo1	center->neighbors	1.2947661249753608	1.8508584899343519	-1.0616868138708369	0.8035982008995503	0.8035982008995503	2.0317092	1.0788273	2325	0.976444782534841	0.976444782534841			
Timp2	Itgb1	neighbors->center	0.5972220298797452	0.873580246334224	-1.0638365409951875	0.8585707146426786	0.8585707146426786	0.784754	0.74433297	383	0.976444782534841	0.976444782534841		ECM_integrin_adhesion	
Adam15	Itgav	center->neighbors	0.3439291690294997	0.5515928898956968	-1.0787399158151998	0.8600699650174912	0.8600699650174912	0.6134797	0.44763833	2141	0.976444782534841	0.976444782534841		ECM_integrin_adhesion, phagocytosis_efferocytosis	
Slitrk3	Ptprs	neighbors->center	0.2739770497172911	0.5245957123317582	-1.0830568524214972	0.8445777111444278	0.8445777111444278	0.2469119	1.3583828	866	0.976444782534841	0.976444782534841			
Lgi3	Adam23	center->neighbors	0.6213482443378343	0.8948525546971767	-1.0837602102901822	0.8620689655172413	0.8620689655172413	0.88349783	0.7548647	383	0.976444782534841	0.976444782534841			
Edil3	Itgav	center->neighbors	0.46080662852994614	0.7438126241683043	-1.0844431038293765	0.8535732133933034	0.8535732133933034	1.1012846	0.44763833	2141	0.976444782534841	0.976444782534841		ECM_integrin_adhesion, phagocytosis_efferocytosis	
Grn	Sort1	neighbors->center	0.5692811980231383	0.812426631594643	-1.0860635906910363	0.862568715642179	0.862568715642179	0.5563098	1.753749	866	0.976444782534841	0.976444782534841	autophagy_lysosome		
App	Aplp2	neighbors->center	2.26020370526877	2.5070649461265773	-1.0881402298543899	0.8460769615192404	0.8460769615192404	2.6244867	1.9486215	640	0.976444782534841	0.976444782534841			
Mdk	Ptprz1	neighbors->center	0.3226341622332648	0.6253639308777957	-1.0901788209452583	0.847576211894053	0.847576211894053	0.476676	0.94307244	640	0.976444782534841	0.976444782534841			
Gnas	Adora1	neighbors->center	1.26951082498501	1.7143300297995985	-1.0975639208441035	0.856071964017991	0.856071964017991	3.360874	0.48642594	2325	0.976444782534841	0.976444782534841			
Sdc2	Ptprj	neighbors->center	0.17412739609666986	0.34176383353047723	-1.1034882631490976	0.8610694652673663	0.8610694652673663	0.36642185	0.16875878	866	0.976444782534841	0.976444782534841			
Omg	Rtn4r	center->neighbors	0.2581464830163195	0.7012247063777588	-1.1040191783114168	0.8220889555222389	0.8220889555222389	0.4497954	0.53549194	383	0.976444782534841	0.976444782534841			
Lrrc4b	Ptprs	neighbors->center	1.0874047570619272	1.3493792419821211	-1.1301297215190194	0.8600699650174912	0.8600699650174912	1.1468908	1.3583828	2325	0.976444782534841	0.976444782534841			
Alcam	Chl1	center->neighbors	0.3992310425643366	0.8009991104735866	-1.1304425992083353	0.8430784607696152	0.8430784607696152	0.7682971	0.53382283	598	0.976444782534841	0.976444782534841			
Cntn2	Cntn1	neighbors->center	0.3478224596752334	0.7926426388151032	-1.1556007690555317	0.8620689655172413	0.8620689655172413	0.39769602	1.0334892	866	0.976444782534841	0.976444782534841			
Jag2	Notch1	neighbors->center	0.02582177454402231	0.13051464303039123	-1.1675214851761586	0.8525737131434283	0.8525737131434283	0.12986542	0.13432972	2456	0.976444782534841	0.976444782534841	NOTCH_signaling	NOTCH_signaling, angiogenesis	NOTCH_signaling
Rims1	Slc17a7	neighbors->center	0.29376767222736716	0.9652937771561023	-1.2397089621347188	0.8525737131434283	0.8525737131434283	0.26702905	2.3391442	383	0.976444782534841	0.976444782534841		synaptic_neurotransmission	
Il1rapl1	Ptprf	center->neighbors	0.058484055792236006	0.2356240811506472	-1.2543196865550965	0.8465767116441779	0.8465767116441779	0.11534899	0.16138847	2325	0.976444782534841	0.976444782534841			
Ntng1	Lrrc4c	center->neighbors	0.21969885327226113	0.4659014594941703	-1.0630922273481191	0.8660669665167416	0.8660669665167416	0.3710769	0.35214335	640	0.9765563734325183	0.9765563734325183			
Adam10	Notch1	neighbors->center	0.10963699809760248	0.2666740724691115	-1.0742940528024816	0.8660669665167416	0.8660669665167416	0.3633795	0.13432972	383	0.9765563734325183	0.9765563734325183	NOTCH_signaling	NOTCH_signaling, angiogenesis	NOTCH_signaling
Sema6b	Plxna4	neighbors->center	0.2939962281598048	0.5329027218947572	-1.0856666818518848	0.8640679660169915	0.8640679660169915	0.6370271	0.32525507	640	0.9765563734325183	0.9765563734325183			
Efna3	Epha5	center->neighbors	0.2447448192488467	0.5549098880861325	-1.1772943231150244	0.8660669665167416	0.8660669665167416	0.25948483	0.48096105	866	0.9765563734325183	0.9765563734325183			
Sema4d	Plxnb1	center->neighbors	0.18686130076827287	0.4103768274242965	-0.9527803506751739	0.8750624687656172	0.8750624687656172	0.4121028	0.42993405	383	0.9780610667428932	0.9780610667428932	axon_guidance_neurodevelopment	axon_guidance_neurodevelopment	axon_guidance_neurodevelopment
Pdgfb	Lrp1	center->neighbors	0.36490556141727604	0.5935564418761368	-0.9825563018218035	0.8695652173913043	0.8695652173913043	0.13432972	1.1517508	2325	0.9780610667428932	0.9780610667428932	angiogenesis	endocytosis, phagocytosis_efferocytosis	
L1cam	Fgfr2	neighbors->center	0.21481686462317226	0.4413653788559786	-0.9874730268995089	0.8725637181409296	0.8725637181409296	0.30608377	0.41564324	2141	0.9780610667428932	0.9780610667428932	axon_guidance_neurodevelopment		
Agt	Grm7	center->neighbors	0.12453468366442069	0.3737789131679658	-1.0233054312722192	0.8750624687656172	0.8750624687656172	0.98545164	0.15604134	118	0.9780610667428932	0.9780610667428932			
Ntng1	Lrrc4c	neighbors->center	0.13820744498271967	0.42549411501694245	-1.0637550615570537	0.8735632183908046	0.8735632183908046	0.17176661	0.5989384	598	0.9780610667428932	0.9780610667428932			
Lrpap1	Lrp8	center->neighbors	0.20044598869735047	0.4181731959855319	-1.0921643001550856	0.8695652173913043	0.8695652173913043	0.75590736	0.2269006	2325	0.9780610667428932	0.9780610667428932			
Ncam1	Ptpra	center->neighbors	1.0503679309485006	1.294833432627517	-1.1909808269111744	0.8705647176411794	0.8705647176411794	1.1096685	1.1769942	640	0.9780610667428932	0.9780610667428932	axon_guidance_neurodevelopment, cytotoxic_T_NK		
Cadm3	Cadm1	neighbors->center	0.6657094254290427	1.1034710458168278	-1.2269681990780292	0.8750624687656172	0.8750624687656172	0.65819347	1.5101576	383	0.9780610667428932	0.9780610667428932			
Rtn4	Rtn4rl1	center->neighbors	0.390556991764097	0.9591797248930907	-1.2867708554522286	0.8715642178910544	0.8715642178910544	2.0317092	0.36669922	2456	0.9780610667428932	0.9780610667428932			
Agrn	Itgb1	center->neighbors	0.2626718423350781	0.43972253054433214	-1.1430064195263148	0.8775612193903048	0.8775612193903048	0.43972132	0.33843046	2141	0.9795068485174888	0.9795068485174888		ECM_integrin_adhesion	
Lrrc4b	Ptprf	neighbors->center	0.5484650305285329	0.7982407201545774	-1.1510877018504835	0.8780609695152424	0.8780609695152424	1.1468908	0.34557125	2325	0.9795068485174888	0.9795068485174888			
Rtn4	Cntnap1	center->neighbors	0.7160430808006466	1.177444036256957	-1.2573830571559548	0.8800599700149925	0.8800599700149925	2.0317092	0.5486174	2325	0.9807845834599673	0.9807845834599673			
Hebp1	Grm7	center->neighbors	0.08228062252770728	0.22575135334741517	-1.13051208373416	0.881559220389805	0.881559220389805	0.4301796	0.15604134	118	0.981503434329347	0.981503434329347			
C1qb	C1qbp	center->neighbors	0.5845479764968912	0.8289531469865931	-1.2378014294307096	0.8840579710144928	0.8840579710144928	1.8223159	0.5281172	866	0.9819872672359473	0.9819872672359473	complement, phagocytosis_efferocytosis		
Psap	Sort1	center->neighbors	1.5637052410957986	2.046524461541866	-1.3091322514867596	0.8845577211394303	0.8845577211394303	3.0442586	0.9603272	866	0.9819872672359473	0.9819872672359473	autophagy_lysosome		
Rtn4	Lingo1	neighbors->center	1.2602023924967916	1.9283941286639714	-1.396938770909383	0.8845577211394303	0.8845577211394303	2.2058268	0.7110928	866	0.9819872672359473	0.9819872672359473			
Apoe	Lrp1	center->neighbors	2.148430512726023	2.4182713899908936	-1.1360521819979563	0.8855572213893054	0.8855572213893054	4.6564374	1.1517508	2325	0.9821479221779073	0.9821479221779073	fatty_acid_lipid	endocytosis, phagocytosis_efferocytosis	
Pmch	Grm7	neighbors->center	0.10191687230420493	0.37880582268353286	-0.8863276487730444	0.8910544727636182	0.8910544727636182	0.36632583	0.11534899	640	0.9834981644624373	0.9834981644624373			
Penk	Oprl1	center->neighbors	0.08371690853014906	0.3932847268584861	-1.044808425149863	0.8910544727636182	0.8910544727636182	0.5006887	0.14304855	2141	0.9834981644624373	0.9834981644624373			
Sparc	Eng	neighbors->center	0.46336668305916423	0.7904271640410316	-1.0710610941577996	0.889055472263868	0.889055472263868	1.849737	0.11752458	383	0.9834981644624373	0.9834981644624373	ECM_remodeling_fibrosis, EMT	angiogenesis	
Il34	Ptprz1	center->neighbors	0.35078838636809995	0.6644050882073869	-1.1284063678956138	0.8900549725137431	0.8900549725137431	0.11752458	1.5226748	2141	0.9834981644624373	0.9834981644624373			
Cadm3	Cadm1	center->neighbors	0.6203849796104715	1.0971917205226598	-1.3214253292031086	0.8900549725137431	0.8900549725137431	0.49743292	0.9622756	640	0.9834981644624373	0.9834981644624373			
Rgma	Neo1	center->neighbors	0.16752296842039036	0.3523288039004223	-1.1669528704304448	0.8930534732633684	0.8930534732633684	0.2586021	0.2984392	598	0.9847585804026969	0.9847585804026969			
Pmch	Grm7	center->neighbors	0.10088352761731928	0.31517613658982246	-0.9688495385200792	0.8985507246376812	0.8985507246376812	0.6466886	0.15604134	118	0.9849118297993861	0.9849118297993861			
Rims2	Abca1	neighbors->center	0.16163487753624192	0.35255157486938216	-1.1254263264424051	0.9000499750124937	0.9000499750124937	0.47228703	0.14325312	866	0.9849118297993861	0.9849118297993861			
Sst	Grm7	center->neighbors	0.1504422567853787	0.4566200813608798	-1.1334023505126811	0.8970514742628686	0.8970514742628686	1.4381174	0.15604134	118	0.9849118297993861	0.9849118297993861			
Cxcl12	Grm7	center->neighbors	0.1019589467577385	0.2720480736430756	-1.1538828070667027	0.9000499750124937	0.9000499750124937	0.66054946	0.15604134	118	0.9849118297993861	0.9849118297993861	leukocyte_chemotaxis		
Txlna	Stx4a	center->neighbors	0.18015502840457115	0.3619564274923061	-1.163107283304814	0.8940529735132434	0.8940529735132434	0.33192992	0.22689684	598	0.9849118297993861	0.9849118297993861			
Mdk	Sorl1	center->neighbors	0.35658952406104044	0.6088440038735439	-1.2444426251202445	0.8995502248875562	0.8995502248875562	0.5465483	0.5780646	2325	0.9849118297993861	0.9849118297993861			
Nrxn2	Nlgn3	center->neighbors	0.6202425351477092	0.9470806159912805	-1.3291498470168261	0.9000499750124937	0.9000499750124937	1.0256083	0.74522966	383	0.9849118297993861	0.9849118297993861	synaptic_neurotransmission	synaptic_neurotransmission	synaptic_neurotransmission
Nlgn3	Nrxn2	neighbors->center	0.6202425351477092	0.9470806159912805	-1.3291498470168261	0.9000499750124937	0.9000499750124937	0.74522966	1.0256083	383	0.9849118297993861	0.9849118297993861	synaptic_neurotransmission	synaptic_neurotransmission	synaptic_neurotransmission
Penk	Ogfr	center->neighbors	0.0973794921557375	0.3607959545888723	-0.9690562878494218	0.9015492253873063	0.9015492253873063	0.5006887	0.18674281	923	0.9856137582968745	0.9856137582968745			
App	Grm7	neighbors->center	0.5499088812324961	0.9682113054179271	-1.1678470510954109	0.9030484757621189	0.9030484757621189	2.6244867	0.11534899	640	0.9863143523295387	0.9863143523295387			
App	Lrp1	neighbors->center	1.923789878165126	2.1617740931796465	-1.3067551278758611	0.9050474762618691	0.9050474762618691	2.6244867	1.4117168	640	0.987558927089162	0.987558927089162		endocytosis, phagocytosis_efferocytosis	
Gnai2	Igf1r	neighbors->center	0.6306268173153741	0.892667548211062	-1.242167448479561	0.9060469765117442	0.9060469765117442	1.3526193	0.3672033	640	0.9877115521935427	0.9877115521935427			
Col4a2	Itgb5	center->neighbors	0.0881862510273057	0.2379496439114984	-1.1897240380726268	0.9095452273863068	0.9095452273863068	0.44088963	0.16555052	1092	0.9887109425419741	0.9887109425419741	ECM_integrin_adhesion	ECM_integrin_adhesion, phagocytosis_efferocytosis	ECM_integrin_adhesion
Bmp1	Bmpr1a	neighbors->center	0.07632024669361841	0.22285620689816354	-1.2034539970060756	0.9090454772613693	0.9090454772613693	0.1729651	0.4651794	640	0.9887109425419741	0.9887109425419741			
Adam15	Itgb1	neighbors->center	0.3047170324101575	0.5333199706934969	-1.3514095853127512	0.9080459770114943	0.9080459770114943	0.36241612	0.74433297	2141	0.9887109425419741	0.9887109425419741		ECM_integrin_adhesion	
Sema6a	Plxna2	center->neighbors	0.10312611407568824	0.2869406197237544	-1.2446922847809698	0.9115442278860569	0.9115442278860569	0.13432972	0.28614455	598	0.9890125758650419	0.9890125758650419			
Ncam1	Ptpra	neighbors->center	1.0443197944212645	1.3210698817468596	-1.4227187571437894	0.9110444777611194	0.9110444777611194	1.1433457	1.2210464	2141	0.9890125758650419	0.9890125758650419	axon_guidance_neurodevelopment, cytotoxic_T_NK		
Adam10	Tspan15	neighbors->center	0.14947268898351418	0.36731684228873857	-1.183983149009287	0.912543728135932	0.912543728135932	0.3633795	0.24967872	383	0.9891629656869678	0.9891629656869678	NOTCH_signaling		
Ncan	Sdc3	center->neighbors	0.46419299556870186	0.7908338603097399	-1.3722196139218277	0.9155422288855573	0.9155422288855573	0.6947389	0.5602467	2325	0.9914778708666402	0.9914778708666402			
Ncam1	Cacna1c	neighbors->center	0.32399012029975	0.6550114166588471	-1.2469676412752306	0.9165417291354323	0.9165417291354323	1.1433457	0.11752458	2141	0.9916256560985044	0.9916256560985044	axon_guidance_neurodevelopment, cytotoxic_T_NK		
Lgi2	Adam22	center->neighbors	0.13738729175223444	0.4714493589847489	-1.4404550208676148	0.9180409795102449	0.9180409795102449	0.14413583	0.4406137	598	0.9923133447387312	0.9923133447387312			
Rims1	Cacna1c	neighbors->center	0.06584758568249371	0.3729058091551566	-1.4358368103182388	0.9195402298850575	0.9195402298850575	0.26702905	0.11752458	383	0.9929997407311381	0.9929997407311381			
Ltbp3	Itgb5	center->neighbors	0.07353491504316871	0.2649859541497183	-1.246805153873264	0.9410294852573713	0.9410294852573713	0.3065599	0.16555052	1092	0.9959333520053161	0.9959333520053161		ECM_integrin_adhesion, phagocytosis_efferocytosis	
Lin7c	Abca1	neighbors->center	0.14118639735246127	0.33911018756094263	-1.338208644424462	0.9365317341329336	0.9365317341329336	0.36341253	0.14325312	2141	0.9959333520053161	0.9959333520053161			
Ado	Adora1	neighbors->center	0.22455996948333018	0.6147008413580648	-1.3715192694955793	0.927536231884058	0.927536231884058	0.3606272	0.48642594	866	0.9959333520053161	0.9959333520053161			
Fgf12	Fgfr2	neighbors->center	0.1918958637669056	0.5092277846097651	-1.3945125422647224	0.9325337331334332	0.9325337331334332	0.31742978	0.41564324	2325	0.9959333520053161	0.9959333520053161			
Bmp1	Bmpr2	neighbors->center	0.09235078093115909	0.33834691570779285	-1.4068900569387266	0.9435282358820589	0.9435282358820589	0.1729651	0.68111765	640	0.9959333520053161	0.9959333520053161			
Adam10	Cadm1	neighbors->center	0.367605677525702	0.6880511375448112	-1.443421020099769	0.9330334832583708	0.9330334832583708	0.3633795	1.5101576	383	0.9959333520053161	0.9959333520053161	NOTCH_signaling		
Lrpap1	Vldlr	center->neighbors	0.3267083574001282	0.6296414808363683	-1.4434336751959391	0.927536231884058	0.927536231884058	0.75590736	0.30570632	2141	0.9959333520053161	0.9959333520053161			
Sema6a	Plxna4	neighbors->center	0.06381775950837947	0.27659388204873964	-1.476507294670356	0.9460269865067467	0.9460269865067467	0.1729651	0.32525507	640	0.9959333520053161	0.9959333520053161			
Grn	Sort1	center->neighbors	0.5785462868961481	0.9248874542436779	-1.5187517236112607	0.9290354822588706	0.9290354822588706	0.4167235	0.9603272	866	0.9959333520053161	0.9959333520053161	autophagy_lysosome		
Ncan	Cdh2	center->neighbors	0.38444085985624077	0.7587893608651348	-1.520654550741799	0.9340329835082459	0.9340329835082459	0.6947389	0.5902437	598	0.9959333520053161	0.9959333520053161		EMT	
Gnai2	Adora1	neighbors->center	0.7258176292623472	1.0998679892498135	-1.5359703018681476	0.9365317341329336	0.9365317341329336	1.3526193	0.48642594	640	0.9959333520053161	0.9959333520053161			
Fgf12	Fgfr1	neighbors->center	0.26416135656969525	0.5750784964630261	-1.540577824812115	0.9435282358820589	0.9435282358820589	0.31742978	0.7876405	2325	0.9959333520053161	0.9959333520053161			
Nlgn2	Nrxn2	center->neighbors	0.7100413782607089	1.1452953585598291	-1.542999458813202	0.9305347326336831	0.9305347326336831	0.32246113	1.4497019	866	0.9959333520053161	0.9959333520053161	synaptic_neurotransmission	synaptic_neurotransmission	synaptic_neurotransmission
Nrxn2	Nlgn2	neighbors->center	0.7100413782607089	1.1452953585598291	-1.542999458813202	0.9305347326336831	0.9305347326336831	1.4497019	0.32246113	866	0.9959333520053161	0.9959333520053161	synaptic_neurotransmission	synaptic_neurotransmission	synaptic_neurotransmission
Agrn	Lrp1	center->neighbors	0.6602116542733301	0.9951861800935481	-1.5437702523835637	0.9245377311344328	0.9245377311344328	0.43972132	1.1517508	2325	0.9959333520053161	0.9959333520053161		endocytosis, phagocytosis_efferocytosis	
App	Grm7	center->neighbors	0.20426849899785077	0.6675070778125066	-1.5523349688506558	0.9445277361319341	0.9445277361319341	2.6512914	0.15604134	118	0.9959333520053161	0.9959333520053161			
Omg	Rtn4rl1	center->neighbors	0.1837642971377536	0.6695052237749862	-1.552767533470801	0.9380309845077461	0.9380309845077461	0.4497954	0.36669922	2456	0.9959333520053161	0.9959333520053161			
Omg	Rtn4rl1	neighbors->center	0.29979632396281997	0.7775393696097015	-1.56419535898778	0.9410294852573713	0.9410294852573713	0.7733126	0.25948483	866	0.9959333520053161	0.9959333520053161			
App	Aplp1	neighbors->center	2.762236324968253	3.0972433447202503	-1.5707424766240512	0.9420289855072463	0.9420289855072463	2.6244867	2.9104087	640	0.9959333520053161	0.9959333520053161			
Cntn1	Nrcam	center->neighbors	0.9631580634997632	1.4655881325151483	-1.5835112820028956	0.9255372313843079	0.9255372313843079	1.0334892	1.0229061	383	0.9959333520053161	0.9959333520053161			
Agrn	Dag1	center->neighbors	0.28668365971762866	0.5608106510084351	-1.6074491206542285	0.9435282358820589	0.9435282358820589	0.43972132	0.5256873	640	0.9959333520053161	0.9959333520053161			
Calr	Lrp1	center->neighbors	1.451424748595087	1.765965537834197	-1.652193409933041	0.9340329835082459	0.9340329835082459	2.125202	1.1517508	2325	0.9959333520053161	0.9959333520053161	ER_stress_UPR, antigen_presentation_MHCI, necrosis_DAMP	endocytosis, phagocytosis_efferocytosis	
App	Ncstn	neighbors->center	0.8530611439228778	1.2806561575917448	-1.694373078412649	0.9465267366316842	0.9465267366316842	2.6244867	0.27758285	640	0.9959333520053161	0.9959333520053161			
Nlgn2	Nrxn1	center->neighbors	0.7824214320360485	1.3112236182596595	-1.7311419498263771	0.936031984007996	0.936031984007996	0.32246113	1.9999167	598	0.9959333520053161	0.9959333520053161	synaptic_neurotransmission	synaptic_neurotransmission	synaptic_neurotransmission
Nrxn1	Nlgn2	neighbors->center	0.7824214320360485	1.3112236182596595	-1.7311419498263771	0.936031984007996	0.936031984007996	1.9999167	0.32246113	598	0.9959333520053161	0.9959333520053161	synaptic_neurotransmission	synaptic_neurotransmission	synaptic_neurotransmission
Gpi1	Amfr	neighbors->center	1.3785758116737548	1.7046810413132922	-1.7414597262650806	0.9440279860069966	0.9440279860069966	2.4330127	0.7892212	2141	0.9959333520053161	0.9959333520053161			
Nrxn1	Nlgn2	center->neighbors	0.5911109081288577	1.179754130665052	-1.7512294730661082	0.9460269865067467	0.9460269865067467	1.9496686	0.5108043	383	0.9959333520053161	0.9959333520053161	synaptic_neurotransmission	synaptic_neurotransmission	synaptic_neurotransmission
Nlgn2	Nrxn1	neighbors->center	0.5911109081288577	1.179754130665052	-1.7512294730661082	0.9460269865067467	0.9460269865067467	0.5108043	1.9496686	383	0.9959333520053161	0.9959333520053161	synaptic_neurotransmission	synaptic_neurotransmission	synaptic_neurotransmission
Serpine2	Lrp1	neighbors->center	1.0578725251785854	1.4934628604830895	-1.6083172135344537	0.9475262368815592	0.9475262368815592	1.2040327	1.4117168	640	0.9960728693292878	0.9960728693292878		endocytosis, phagocytosis_efferocytosis	
Adam10	Tspan17	center->neighbors	0.23099733306608833	0.5398938582273816	-1.5599150195962093	0.9575212393803099	0.9575212393803099	0.5309922	0.27872735	866	0.9969622234952985	0.9969622234952985	NOTCH_signaling		
Wnt7b	Tmed5	center->neighbors	0.07269052303001858	0.30297318847774607	-1.5933994908341258	0.952023988005997	0.952023988005997	0.25948483	0.22564651	1092	0.9969622234952985	0.9969622234952985	WNT_signaling		
Slitrk1	Ptprs	neighbors->center	0.22661506945507087	0.8126751911277124	-1.610398187393151	0.9540229885057471	0.9540229885057471	0.13110915	1.3583828	866	0.9969622234952985	0.9969622234952985			
Lgi3	Flot1	neighbors->center	0.6899260070257993	1.0775758528663792	-1.7037171739647383	0.9495252373813093	0.9495252373813093	1.086663	0.6354316	866	0.9969622234952985	0.9969622234952985		endocytosis	
Lgi1	Adam22	center->neighbors	0.3032398153809024	0.7706526004841234	-1.7120276528658622	0.95952023988006	0.95952023988006	0.70218456	0.4406137	598	0.9969622234952985	0.9969622234952985			
Nfasc	Cntn1_Cntnap1	center->neighbors	0.3062689585656779	0.7372017112590176	-1.7285053867211013	0.9585207396301849	0.9585207396301849	0.6979783	0.41150004	598	0.9969622234952985	0.9969622234952985			
Ncam1	Ptprz1	neighbors->center	0.9177828564712064	1.347327535017196	-1.7636340257258334	0.9540229885057471	0.9540229885057471	1.1433457	0.94307244	2141	0.9969622234952985	0.9969622234952985	axon_guidance_neurodevelopment, cytotoxic_T_NK		
Apoe	Sorl1	center->neighbors	1.040833284382684	1.7794659654111096	-1.7842200074131012	0.960519740129935	0.960519740129935	4.6564374	0.5780646	2325	0.9969622234952985	0.9969622234952985	fatty_acid_lipid		
Ptn	Sdc3	center->neighbors	0.8370514696936106	1.3582838622732896	-1.802052368394143	0.952023988005997	0.952023988005997	2.2590654	0.5602467	2325	0.9969622234952985	0.9969622234952985			
L1cam	Ptprz1	neighbors->center	0.3235791461166791	0.869981891526375	-1.8098661398136522	0.9560219890054973	0.9560219890054973	0.30608377	0.94307244	2141	0.9969622234952985	0.9969622234952985	axon_guidance_neurodevelopment		
Cntn1	Ptprz1	center->neighbors	1.0402406644194688	1.4637619778280215	-1.819794020681791	0.9600199900049975	0.9600199900049975	1.0334892	1.5226748	2141	0.9969622234952985	0.9969622234952985			
App	Aplp1	center->neighbors	2.71865579711566	3.0980270556456375	-1.8373098582213552	0.95952023988006	0.95952023988006	2.6512914	2.7995114	383	0.9969622234952985	0.9969622234952985			
Psap	Lrp1	center->neighbors	1.7371414938589365	2.1968825245146517	-2.0603244204171633	0.9565217391304348	0.9565217391304348	3.0442586	1.1517508	2325	0.9969622234952985	0.9969622234952985	autophagy_lysosome	endocytosis, phagocytosis_efferocytosis	
Hsp90b1	Lrp1	center->neighbors	1.2424081433092975	1.639591711154493	-2.124771405209054	0.9575212393803099	0.9575212393803099	1.5571833	1.1517508	2325	0.9969622234952985	0.9969622234952985		endocytosis, phagocytosis_efferocytosis	
Adam10	Axl	neighbors->center	0.140907369096602	0.370984320306475	-1.643226475358439	0.9615192403798101	0.9615192403798101	0.3633795	0.22188362	383	0.9970014992503748	0.9970014992503748	NOTCH_signaling	phagocytosis_efferocytosis	
Adam10	Nrcam	neighbors->center	0.33848439953277787	0.7309013918539667	-1.6733605037171866	0.9655172413793104	0.9655172413793104	0.3633795	1.280369	383	0.9970014992503748	0.9970014992503748	NOTCH_signaling		
Adam10	Tspan17	neighbors->center	0.21113439501196374	0.5275523996597358	-1.6905626404096468	0.9710144927536232	0.9710144927536232	0.3633795	0.498168	383	0.9970014992503748	0.9970014992503748	NOTCH_signaling		
Plat	Lrp1	neighbors->center	0.10737987954635331	0.4309744561163417	-1.7003414845682128	0.9765117441279361	0.9765117441279361	0.24680713	1.4117168	2456	0.9970014992503748	0.9970014992503748	coagulation_wound	endocytosis, phagocytosis_efferocytosis	
Mfge8	Itgb5	center->neighbors	0.17223578542031193	0.546806115536653	-1.7172002346024535	0.9810094952523738	0.9810094952523738	1.681802	0.16555052	1092	0.9970014992503748	0.9970014992503748	phagocytosis_efferocytosis	ECM_integrin_adhesion, phagocytosis_efferocytosis	phagocytosis_efferocytosis
Adam9	Itgb5	center->neighbors	0.0700844494413217	0.3018325162804814	-1.7389178461738604	0.9835082458770614	0.9835082458770614	0.27846554	0.16555052	1092	0.9970014992503748	0.9970014992503748		ECM_integrin_adhesion, phagocytosis_efferocytosis	
Adam10	Tspan14	neighbors->center	0.12055807045743726	0.39187388632770914	-1.757971866490274	0.9735132433783108	0.9735132433783108	0.3633795	0.16242409	383	0.9970014992503748	0.9970014992503748	NOTCH_signaling		
Ntrk3	Ptprf	center->neighbors	0.10957507386192206	0.49618931572054864	-1.7728061286573638	0.9720139930034982	0.9720139930034982	0.40491357	0.16138847	2325	0.9970014992503748	0.9970014992503748			
Gas6	Axl	neighbors->center	0.11958618978342184	0.3981132402343329	-1.790573322825858	0.9685157421289355	0.9685157421289355	0.3093876	0.22188362	1092	0.9970014992503748	0.9970014992503748	phagocytosis_efferocytosis	phagocytosis_efferocytosis	phagocytosis_efferocytosis
Omg	Lingo1	center->neighbors	0.6092114565528824	1.2951313480300737	-1.7913287405597633	0.9665167416291854	0.9665167416291854	0.4497954	1.0788273	2325	0.9970014992503748	0.9970014992503748			
Fndc5	Itgb5	center->neighbors	0.09704297340302578	0.41260103584934227	-1.8060536306745414	0.9760119940029985	0.9760119940029985	0.53389555	0.16555052	1092	0.9970014992503748	0.9970014992503748		ECM_integrin_adhesion, phagocytosis_efferocytosis	
Adam15	Itgav	neighbors->center	0.25780743029011294	0.5872896344947862	-1.8129678316215678	0.968015992003998	0.968015992003998	0.36241612	0.53280056	2141	0.9970014992503748	0.9970014992503748		ECM_integrin_adhesion, phagocytosis_efferocytosis	
Psen1	Ncstn	neighbors->center	0.10025840822685819	0.3301084080018704	-1.8221838710465397	0.9765117441279361	0.9765117441279361	0.23006323	0.27758285	1092	0.9970014992503748	0.9970014992503748			
Adam10	Tspan5	neighbors->center	0.25497773486384023	0.6693882530665124	-1.8269772154521708	0.9850074962518741	0.9850074962518741	0.3633795	0.72654474	383	0.9970014992503748	0.9970014992503748	NOTCH_signaling		
L1cam	Cntn1	neighbors->center	0.3387357059676595	1.0521785415736147	-1.9648896954042927	0.9640179910044977	0.9640179910044977	0.30608377	1.0334892	2141	0.9970014992503748	0.9970014992503748	axon_guidance_neurodevelopment		
Gas6	Tyro3	neighbors->center	0.15957909265793005	0.5827226696298169	-1.969283403490932	0.9885057471264368	0.9885057471264368	0.3093876	0.39510742	1092	0.9970014992503748	0.9970014992503748	phagocytosis_efferocytosis	phagocytosis_efferocytosis	phagocytosis_efferocytosis
Lgi3	Adam22	neighbors->center	0.55561106738606	1.0186570028282953	-1.9950552769639602	0.9735132433783108	0.9735132433783108	1.086663	0.4121028	866	0.9970014992503748	0.9970014992503748			
Nrxn2	Nlgn2	center->neighbors	0.42872552146700255	1.0472978488852203	-2.0347883071181343	0.9720139930034982	0.9720139930034982	1.0256083	0.5108043	383	0.9970014992503748	0.9970014992503748	synaptic_neurotransmission	synaptic_neurotransmission	synaptic_neurotransmission
Nlgn2	Nrxn2	neighbors->center	0.42872552146700255	1.0472978488852203	-2.0347883071181343	0.9720139930034982	0.9720139930034982	0.5108043	1.0256083	383	0.9970014992503748	0.9970014992503748	synaptic_neurotransmission	synaptic_neurotransmission	synaptic_neurotransmission
Edil3	Itgb5	center->neighbors	0.13937527679065934	0.5547444755949368	-2.1110780998486574	0.991504247876062	0.991504247876062	1.1012846	0.16555052	1092	0.9970014992503748	0.9970014992503748		ECM_integrin_adhesion, phagocytosis_efferocytosis	
Cntn1	Ptprz1	neighbors->center	1.0551909453474995	1.5127243326151492	-2.1130097531184147	0.9800099950024987	0.9800099950024987	1.366444	0.94307244	383	0.9970014992503748	0.9970014992503748			
Lrpap1	Sorl1	center->neighbors	0.4193615357065706	1.074814477584417	-2.151985362955348	0.9895052473763118	0.9895052473763118	0.75590736	0.5780646	2325	0.9970014992503748	0.9970014992503748			
App	Tnfrsf21	center->neighbors	0.3943797200418262	1.07347362685597	-2.185943860908597	0.9800099950024987	0.9800099950024987	2.6512914	0.24874122	640	0.9970014992503748	0.9970014992503748			
Omg	Lingo1	neighbors->center	0.4962876602649358	1.2818046077887217	-2.186410910051305	0.9940029985007496	0.9940029985007496	0.7733126	0.7110928	866	0.9970014992503748	0.9970014992503748			
Tln1	Itgb5	center->neighbors	0.07106143488495394	0.42108350331487954	-2.212039604198541	0.9955022488755623	0.9955022488755623	0.28628334	0.16555052	1092	0.9970014992503748	0.9970014992503748	ECM_integrin_adhesion	ECM_integrin_adhesion, phagocytosis_efferocytosis	ECM_integrin_adhesion
Lrpap1	Sort1	center->neighbors	0.7791990400253709	1.3418417185548233	-2.247921160435275	0.9865067466266867	0.9865067466266867	0.75590736	0.9603272	866	0.9970014992503748	0.9970014992503748			
Nrxn2	Nlgn1	center->neighbors	0.08438384106352732	0.7299932482012135	-2.25615978858127	0.9970014992503748	0.9970014992503748	1.0256083	0.19239514	923	0.9970014992503748	0.9970014992503748	synaptic_neurotransmission	synaptic_neurotransmission	synaptic_neurotransmission
Nlgn1	Nrxn2	neighbors->center	0.08438384106352732	0.7299932482012135	-2.25615978858127	0.9970014992503748	0.9970014992503748	0.19239514	1.0256083	923	0.9970014992503748	0.9970014992503748	synaptic_neurotransmission	synaptic_neurotransmission	synaptic_neurotransmission
Nrxn1	Nlgn1	center->neighbors	0.11634531800896868	0.8193499376127665	-2.268043925233705	0.9970014992503748	0.9970014992503748	1.9496686	0.19239514	923	0.9970014992503748	0.9970014992503748	synaptic_neurotransmission	synaptic_neurotransmission	synaptic_neurotransmission
Nlgn1	Nrxn1	neighbors->center	0.11634531800896868	0.8193499376127665	-2.268043925233705	0.9970014992503748	0.9970014992503748	0.19239514	1.9496686	923	0.9970014992503748	0.9970014992503748	synaptic_neurotransmission	synaptic_neurotransmission	synaptic_neurotransmission
Lrrc4b	Ptprf	center->neighbors	0.16575164422839422	0.6745707027238782	-2.2813935749714713	0.9870064967516242	0.9870064967516242	0.92651933	0.16138847	2325	0.9970014992503748	0.9970014992503748			
App	Lrp1	center->neighbors	1.62114981979114	2.103344966290262	-2.3176947980598515	0.9710144927536232	0.9710144927536232	2.6512914	1.1517508	2325	0.9970014992503748	0.9970014992503748		endocytosis, phagocytosis_efferocytosis	
Fam3c	Lamp1	center->neighbors	0.5025099065905243	1.069712247833529	-2.4645670963937896	0.9875062468765617	0.9875062468765617	0.14413583	1.791916	866	0.9970014992503748	0.9970014992503748		autophagy_lysosome	
Ptn	Ncl	center->neighbors	1.1215322710883915	1.6838237583302977	-2.479797399161724	0.9900049975012494	0.9900049975012494	2.2590654	0.8597675	2141	0.9970014992503748	0.9970014992503748			
Lrpap1	Lrp1	center->neighbors	0.8656228379795199	1.4526237361025012	-2.505085534526603	0.9880059970014993	0.9880059970014993	0.75590736	1.1517508	2325	0.9970014992503748	0.9970014992503748		endocytosis, phagocytosis_efferocytosis	
App	Aplp2	center->neighbors	1.877448555129737	2.4875012883263037	-2.544243054912782	0.9875062468765617	0.9875062468765617	2.6512914	1.5595607	866	0.9970014992503748	0.9970014992503748			
Lgi3	Adam22	center->neighbors	0.34014441092155007	0.9472675775915298	-2.6751651617395438	0.9940029985007496	0.9940029985007496	0.88349783	0.4406137	598	0.9970014992503748	0.9970014992503748			
Nlgn3	Nrxn2	center->neighbors	0.42467028757040365	1.0587036943822326	-2.6779365184439685	0.9920039980009995	0.9920039980009995	0.11534899	1.4497019	866	0.9970014992503748	0.9970014992503748	synaptic_neurotransmission	synaptic_neurotransmission	synaptic_neurotransmission
Nrxn2	Nlgn3	neighbors->center	0.42467028757040365	1.0587036943822326	-2.6779365184439685	0.9920039980009995	0.9920039980009995	1.4497019	0.11534899	866	0.9970014992503748	0.9970014992503748	synaptic_neurotransmission	synaptic_neurotransmission	synaptic_neurotransmission
Lgi3	Flot1	center->neighbors	0.392968771102327	1.0136354684025903	-2.6798743055231444	0.991504247876062	0.991504247876062	0.88349783	0.4778587	2141	0.9970014992503748	0.9970014992503748		endocytosis	
Nlgn3	Nrxn1	center->neighbors	0.46796023908906087	1.214190536044884	-2.780339671795762	0.9930034982508745	0.9930034982508745	0.11534899	1.9999167	598	0.9970014992503748	0.9970014992503748	synaptic_neurotransmission	synaptic_neurotransmission	synaptic_neurotransmission
Nrxn1	Nlgn3	neighbors->center	0.46796023908906087	1.214190536044884	-2.780339671795762	0.9930034982508745	0.9930034982508745	1.9999167	0.11534899	598	0.9970014992503748	0.9970014992503748	synaptic_neurotransmission	synaptic_neurotransmission	synaptic_neurotransmission
